,date,zone,crop_type,soil_moisture_%,temperature_C,humidity_%,rainfall_mm,irrigation_applied_mm,growth_stage
0,2021-01-01,Zone_B,Sugarcane,50.99,16.9,32.6,3.57,20.8,Harvesting
1,2021-01-02,Zone_D,Wheat,39.14,19.7,33.1,3.48,20.31,Vegetative
2,2021-01-03,Zone_C,Sugarcane,52.74,19.1,52.8,7.44,11.44,Sowing
3,2021-01-04,Zone_C,Cotton,44.44,11.8,47.0,3.5,23.84,Harvesting
4,2021-01-05,Zone_A,Cotton,36.57,11.8,57.7,3.63,18.53,Sowing
5,2021-01-06,Zone_A,Rice,63.46,13.2,62.1,6.56,15.46,Harvesting
6,2021-01-07,Zone_C,Sugarcane,54.24,14.3,43.6,4.7,21.35,Harvesting
7,2021-01-08,Zone_B,Wheat,61.31,14.9,50.9,6.66,13.86,Vegetative
8,2021-01-09,Zone_C,Wheat,55.28,18.2,47.5,2.39,20.4,Flowering
9,2021-01-10,Zone_D,Cotton,45.71,10.7,64.4,4.93,10.6,Flowering
10,2021-01-11,Zone_A,Sugarcane,50.38,10.4,59.1,2.2,22.59,Vegetative
11,2021-01-12,Zone_A,Wheat,55.27,14.7,61.9,2.38,16.72,Harvesting
12,2021-01-13,Zone_C,Sugarcane,63.81,18.4,38.9,7.44,19.55,Flowering
13,2021-01-14,Zone_B,Sugarcane,42.61,12.3,57.0,2.84,13.32,Flowering
14,2021-01-15,Zone_B,Rice,61.25,17.7,39.3,5.19,20.16,Flowering
15,2021-01-16,Zone_D,Wheat,62.72,13.1,37.3,4.47,21.58,Vegetative
16,2021-01-17,Zone_A,Rice,55.11,20.6,63.0,4.08,17.1,Sowing
17,2021-01-18,Zone_C,Wheat,62.94,20.7,30.7,7.4,19.27,Sowing
18,2021-01-19,Zone_C,Sugarcane,46.94,13.6,63.8,2.13,16.84,Sowing
19,2021-01-20,Zone_A,Wheat,63.59,12.8,35.2,5.98,23.41,Sowing
20,2021-01-21,Zone_C,Cotton,56.08,14.9,58.7,7.78,17.47,Sowing
21,2021-01-22,Zone_A,Sugarcane,36.26,12.9,39.7,5.36,22.63,Flowering
22,2021-01-23,Zone_B,Wheat,62.21,18.1,42.3,7.62,22.02,Flowering
23,2021-01-24,Zone_B,Rice,49.53,19.9,37.6,2.31,16.16,Harvesting
24,2021-01-25,Zone_C,Rice,48.81,18.1,50.5,4.51,13.45,Flowering
25,2021-01-26,Zone_B,Sugarcane,51.99,19.9,42.2,3.56,16.09,Vegetative
26,2021-01-27,Zone_B,Rice,39.48,14.8,53.0,6.38,22.39,Harvesting
27,2021-01-28,Zone_D,Sugarcane,49.07,11.9,30.5,7.89,13.41,Flowering
28,2021-01-29,Zone_A,Sugarcane,59.93,18.9,32.3,3.54,17.87,Harvesting
29,2021-01-30,Zone_A,Sugarcane,35.46,14.3,33.5,5.93,22.09,Harvesting
30,2021-01-31,Zone_C,Wheat,43.19,18.1,44.7,3.19,15.3,Sowing
31,2021-02-01,Zone_A,Sugarcane,35.07,13.2,58.5,5.39,19.63,Harvesting
32,2021-02-02,Zone_D,Rice,47.47,11.0,61.1,4.78,13.68,Flowering
33,2021-02-03,Zone_C,Cotton,56.85,21.9,38.6,7.83,11.64,Sowing
34,2021-02-04,Zone_C,Wheat,58.96,11.9,50.1,5.65,21.92,Flowering
35,2021-02-05,Zone_A,Rice,63.36,21.9,56.9,4.1,11.48,Sowing
36,2021-02-06,Zone_B,Sugarcane,53.26,21.7,40.1,2.68,14.07,Flowering
37,2021-02-07,Zone_B,Sugarcane,42.64,19.5,44.3,2.91,22.83,Sowing
38,2021-02-08,Zone_B,Cotton,62.72,17.9,48.3,3.35,15.2,Sowing
39,2021-02-09,Zone_B,Rice,58.26,16.9,34.7,3.51,24.6,Vegetative
40,2021-02-10,Zone_D,Wheat,52.23,20.4,30.9,7.1,24.7,Flowering
41,2021-02-11,Zone_C,Rice,55.87,13.5,35.3,5.37,14.02,Harvesting
42,2021-02-12,Zone_B,Sugarcane,62.73,15.6,51.9,5.14,10.61,Sowing
43,2021-02-13,Zone_D,Wheat,56.37,17.4,32.6,2.69,20.58,Flowering
44,2021-02-14,Zone_C,Sugarcane,46.05,14.9,36.6,7.16,16.76,Sowing
45,2021-02-15,Zone_A,Sugarcane,56.39,15.1,41.8,6.34,11.51,Vegetative
46,2021-02-16,Zone_A,Rice,36.21,14.0,32.7,2.41,20.61,Vegetative
47,2021-02-17,Zone_D,Cotton,46.59,16.8,36.7,6.25,10.47,Vegetative
48,2021-02-18,Zone_C,Sugarcane,47.19,20.2,61.9,5.26,23.05,Vegetative
49,2021-02-19,Zone_B,Rice,40.01,12.4,30.7,2.49,12.08,Harvesting
50,2021-02-20,Zone_C,Wheat,35.69,21.2,52.9,4.75,11.91,Harvesting
51,2021-02-21,Zone_B,Cotton,39.0,18.3,43.5,4.91,12.64,Sowing
52,2021-02-22,Zone_D,Sugarcane,54.64,19.9,53.5,2.99,24.4,Flowering
53,2021-02-23,Zone_B,Sugarcane,59.07,16.7,50.6,7.67,20.4,Vegetative
54,2021-02-24,Zone_D,Wheat,64.65,19.4,37.8,7.1,22.02,Vegetative
55,2021-02-25,Zone_C,Rice,45.39,10.2,59.7,6.01,15.96,Harvesting
56,2021-02-26,Zone_C,Sugarcane,52.98,19.8,47.2,4.77,15.04,Harvesting
57,2021-02-27,Zone_B,Wheat,63.11,10.5,58.8,4.47,13.52,Vegetative
58,2021-02-28,Zone_C,Sugarcane,40.01,20.7,44.2,5.91,17.21,Flowering
59,2021-03-01,Zone_B,Rice,19.02,44.5,64.5,0.98,38.22,Sowing
60,2021-03-02,Zone_C,Cotton,33.45,38.0,57.0,1.17,38.87,Sowing
61,2021-03-03,Zone_A,Rice,32.05,35.9,63.8,0.81,30.4,Sowing
62,2021-03-04,Zone_B,Rice,30.5,41.0,48.0,2.49,33.54,Sowing
63,2021-03-05,Zone_D,Rice,22.85,41.2,46.6,1.07,35.57,Flowering
64,2021-03-06,Zone_A,Wheat,25.09,41.5,56.4,0.84,22.62,Flowering
65,2021-03-07,Zone_D,Sugarcane,24.29,37.7,60.8,1.63,32.02,Flowering
66,2021-03-08,Zone_C,Cotton,20.07,35.2,63.7,0.42,20.69,Harvesting
67,2021-03-09,Zone_A,Wheat,25.1,44.7,41.4,2.41,29.95,Vegetative
68,2021-03-10,Zone_C,Rice,15.61,37.5,58.0,0.22,23.1,Flowering
69,2021-03-11,Zone_B,Cotton,17.64,41.8,37.4,2.96,23.66,Sowing
70,2021-03-12,Zone_D,Rice,32.73,42.1,49.1,2.32,27.3,Flowering
71,2021-03-13,Zone_C,Rice,30.03,41.1,36.3,0.6,28.65,Vegetative
72,2021-03-14,Zone_D,Rice,23.46,38.1,42.2,0.02,32.46,Harvesting
73,2021-03-15,Zone_D,Cotton,25.34,37.7,62.6,2.45,21.49,Sowing
74,2021-03-16,Zone_C,Sugarcane,22.4,41.0,35.1,2.12,30.07,Harvesting
75,2021-03-17,Zone_B,Rice,29.82,43.7,52.1,2.19,23.65,Flowering
76,2021-03-18,Zone_D,Sugarcane,30.68,44.5,50.8,2.31,31.48,Sowing
77,2021-03-19,Zone_C,Cotton,30.27,36.1,34.2,0.22,32.75,Sowing
78,2021-03-20,Zone_B,Cotton,29.45,36.5,41.4,1.08,31.13,Flowering
79,2021-03-21,Zone_C,Rice,19.09,44.4,49.7,0.35,34.77,Flowering
80,2021-03-22,Zone_B,Sugarcane,21.76,42.4,36.6,2.59,26.71,Vegetative
81,2021-03-23,Zone_D,Sugarcane,24.4,43.8,58.0,1.87,35.3,Flowering
82,2021-03-24,Zone_A,Rice,21.62,37.0,64.0,0.99,28.66,Flowering
83,2021-03-25,Zone_C,Wheat,30.1,40.9,37.5,0.19,29.68,Flowering
84,2021-03-26,Zone_D,Wheat,21.59,42.0,36.5,0.93,32.96,Sowing
85,2021-03-27,Zone_C,Cotton,17.76,41.8,45.9,0.98,20.37,Vegetative
86,2021-03-28,Zone_C,Cotton,22.98,39.1,56.2,2.19,33.08,Sowing
87,2021-03-29,Zone_B,Wheat,34.6,35.2,39.9,1.91,32.37,Flowering
88,2021-03-30,Zone_C,Wheat,19.52,40.8,30.7,2.66,26.2,Vegetative
89,2021-03-31,Zone_B,Wheat,27.24,37.5,48.9,1.42,21.72,Flowering
90,2021-04-01,Zone_D,Rice,23.66,39.5,63.5,0.36,21.82,Sowing
91,2021-04-02,Zone_C,Rice,16.42,44.6,43.7,2.14,38.46,Sowing
92,2021-04-03,Zone_D,Rice,24.76,39.0,44.7,2.28,33.79,Flowering
93,2021-04-04,Zone_A,Rice,29.04,43.4,63.9,1.68,22.54,Vegetative
94,2021-04-05,Zone_D,Rice,25.26,36.9,54.3,2.31,27.13,Sowing
95,2021-04-06,Zone_C,Rice,32.44,41.7,55.2,1.48,31.85,Flowering
96,2021-04-07,Zone_A,Cotton,20.78,44.8,49.7,1.57,36.71,Harvesting
97,2021-04-08,Zone_B,Sugarcane,16.72,36.0,64.1,1.28,20.87,Flowering
98,2021-04-09,Zone_A,Cotton,33.73,35.1,54.1,0.08,24.73,Flowering
99,2021-04-10,Zone_C,Sugarcane,22.56,39.3,61.3,0.32,37.79,Vegetative
100,2021-04-11,Zone_C,Cotton,26.53,35.9,54.5,0.09,20.18,Flowering
101,2021-04-12,Zone_D,Cotton,30.84,42.5,55.7,1.91,24.03,Harvesting
102,2021-04-13,Zone_B,Rice,21.49,44.1,40.2,0.94,39.18,Flowering
103,2021-04-14,Zone_C,Rice,29.32,39.3,40.6,1.53,32.27,Harvesting
104,2021-04-15,Zone_C,Sugarcane,17.71,37.6,57.4,2.72,25.23,Sowing
105,2021-04-16,Zone_B,Sugarcane,20.83,39.3,40.4,0.75,21.34,Flowering
106,2021-04-17,Zone_B,Rice,17.89,42.2,49.7,1.23,20.56,Vegetative
107,2021-04-18,Zone_D,Cotton,31.22,35.1,38.7,2.27,24.89,Flowering
108,2021-04-19,Zone_A,Sugarcane,19.45,40.9,58.6,0.69,37.63,Harvesting
109,2021-04-20,Zone_B,Wheat,29.35,41.1,33.9,0.23,28.32,Harvesting
110,2021-04-21,Zone_C,Wheat,33.87,41.4,59.0,0.87,34.41,Vegetative
111,2021-04-22,Zone_B,Wheat,25.56,37.4,51.1,0.48,38.37,Harvesting
112,2021-04-23,Zone_C,Sugarcane,25.8,42.1,36.5,2.79,28.16,Flowering
113,2021-04-24,Zone_D,Rice,24.22,35.9,49.0,2.42,23.83,Harvesting
114,2021-04-25,Zone_A,Rice,21.52,37.0,39.9,1.9,30.34,Flowering
115,2021-04-26,Zone_D,Rice,24.51,43.8,41.3,2.61,38.16,Flowering
116,2021-04-27,Zone_B,Sugarcane,27.06,42.4,42.3,2.41,36.09,Harvesting
117,2021-04-28,Zone_C,Sugarcane,34.72,35.1,32.2,0.56,21.32,Vegetative
118,2021-04-29,Zone_B,Wheat,33.76,37.5,64.5,2.68,33.85,Sowing
119,2021-04-30,Zone_B,Sugarcane,32.24,37.1,31.1,1.62,31.44,Vegetative
120,2021-05-01,Zone_B,Wheat,32.78,37.7,53.2,2.42,38.15,Sowing
121,2021-05-02,Zone_B,Wheat,24.36,37.5,43.0,2.69,22.45,Vegetative
122,2021-05-03,Zone_A,Rice,28.15,35.6,52.6,0.95,30.68,Flowering
123,2021-05-04,Zone_C,Sugarcane,32.9,39.6,42.5,0.33,37.59,Flowering
124,2021-05-05,Zone_B,Rice,22.86,42.3,53.6,0.68,28.2,Harvesting
125,2021-05-06,Zone_C,Rice,34.24,41.1,55.5,1.28,29.64,Sowing
126,2021-05-07,Zone_A,Sugarcane,23.32,41.7,54.2,2.45,21.41,Sowing
127,2021-05-08,Zone_C,Sugarcane,27.02,35.8,34.0,2.58,25.56,Harvesting
128,2021-05-09,Zone_C,Cotton,29.2,44.5,53.0,0.02,26.49,Vegetative
129,2021-05-10,Zone_A,Wheat,34.01,43.4,39.8,1.53,38.9,Harvesting
130,2021-05-11,Zone_B,Cotton,19.89,43.1,31.0,1.25,25.65,Vegetative
131,2021-05-12,Zone_C,Wheat,29.92,43.2,44.5,0.67,29.22,Harvesting
132,2021-05-13,Zone_D,Wheat,25.42,44.3,45.2,0.36,33.43,Sowing
133,2021-05-14,Zone_C,Wheat,20.37,40.4,46.4,1.01,23.24,Sowing
134,2021-05-15,Zone_B,Rice,30.53,37.0,54.7,2.83,29.73,Vegetative
135,2021-05-16,Zone_D,Rice,26.04,41.2,40.8,0.97,34.77,Sowing
136,2021-05-17,Zone_B,Sugarcane,28.22,42.4,41.0,1.56,37.34,Sowing
137,2021-05-18,Zone_C,Wheat,21.46,42.4,32.1,2.11,32.53,Sowing
138,2021-05-19,Zone_A,Wheat,24.63,40.2,54.0,1.09,33.38,Sowing
139,2021-05-20,Zone_B,Wheat,27.35,35.7,49.9,2.92,22.53,Flowering
140,2021-05-21,Zone_B,Rice,23.1,38.7,42.2,2.89,38.92,Harvesting
141,2021-05-22,Zone_A,Sugarcane,18.97,44.2,54.7,0.76,22.65,Harvesting
142,2021-05-23,Zone_C,Rice,34.23,40.8,48.8,1.49,35.49,Flowering
143,2021-05-24,Zone_B,Cotton,25.23,40.4,46.4,0.9,25.3,Sowing
144,2021-05-25,Zone_C,Cotton,29.68,37.7,47.9,0.85,38.67,Harvesting
145,2021-05-26,Zone_C,Cotton,23.22,38.7,52.3,0.11,34.4,Harvesting
146,2021-05-27,Zone_C,Sugarcane,22.1,44.0,53.1,1.83,35.08,Harvesting
147,2021-05-28,Zone_A,Cotton,23.14,41.7,40.1,1.51,24.38,Vegetative
148,2021-05-29,Zone_C,Sugarcane,23.18,42.9,34.9,0.15,28.86,Flowering
149,2021-05-30,Zone_C,Rice,25.88,39.5,35.5,0.84,32.36,Vegetative
150,2021-05-31,Zone_D,Rice,25.87,41.3,52.4,2.72,35.4,Vegetative
151,2021-06-01,Zone_D,Sugarcane,62.21,27.0,71.1,26.74,5.4,Flowering
152,2021-06-02,Zone_D,Rice,63.41,34.1,70.0,23.95,0.5,Harvesting
153,2021-06-03,Zone_B,Rice,56.59,32.6,78.8,23.6,0.63,Vegetative
154,2021-06-04,Zone_B,Sugarcane,78.87,31.8,76.0,22.37,1.87,Harvesting
155,2021-06-05,Zone_D,Cotton,67.51,28.0,71.6,25.05,0.32,Vegetative
156,2021-06-06,Zone_A,Sugarcane,61.87,26.8,74.5,13.17,7.43,Harvesting
157,2021-06-07,Zone_A,Wheat,61.95,32.6,73.1,27.62,7.23,Sowing
158,2021-06-08,Zone_D,Rice,82.04,29.7,92.9,27.44,1.36,Sowing
159,2021-06-09,Zone_B,Sugarcane,80.02,27.3,73.5,10.58,8.36,Sowing
160,2021-06-10,Zone_B,Rice,71.61,31.2,83.4,26.52,1.55,Flowering
161,2021-06-11,Zone_A,Cotton,73.48,25.4,84.8,12.58,3.01,Sowing
162,2021-06-12,Zone_C,Rice,69.23,28.3,83.6,16.7,2.49,Vegetative
163,2021-06-13,Zone_A,Sugarcane,66.75,29.7,72.5,24.87,3.72,Harvesting
164,2021-06-14,Zone_C,Cotton,82.46,26.5,78.0,13.22,2.55,Harvesting
165,2021-06-15,Zone_B,Cotton,58.77,34.8,71.3,26.36,4.89,Harvesting
166,2021-06-16,Zone_B,Cotton,67.55,27.1,79.9,26.64,4.07,Harvesting
167,2021-06-17,Zone_D,Wheat,65.34,26.3,74.7,20.15,9.87,Vegetative
168,2021-06-18,Zone_B,Sugarcane,69.94,27.0,84.0,10.13,0.56,Harvesting
169,2021-06-19,Zone_C,Sugarcane,68.73,32.7,87.3,15.74,1.42,Vegetative
170,2021-06-20,Zone_A,Cotton,70.57,29.3,83.3,22.34,0.53,Vegetative
171,2021-06-21,Zone_D,Rice,59.2,30.7,80.9,29.62,6.26,Harvesting
172,2021-06-22,Zone_C,Cotton,70.39,25.2,79.7,22.64,0.55,Harvesting
173,2021-06-23,Zone_A,Wheat,62.27,25.3,91.0,15.2,8.36,Harvesting
174,2021-06-24,Zone_A,Cotton,60.53,29.5,75.5,22.68,5.12,Vegetative
175,2021-06-25,Zone_A,Sugarcane,56.95,33.2,88.4,20.8,5.27,Flowering
176,2021-06-26,Zone_B,Cotton,77.88,33.9,88.9,25.6,5.62,Vegetative
177,2021-06-27,Zone_A,Rice,67.82,25.9,80.5,12.14,1.71,Flowering
178,2021-06-28,Zone_B,Sugarcane,73.8,30.4,77.4,25.22,1.98,Harvesting
179,2021-06-29,Zone_A,Rice,76.83,34.1,81.8,20.83,3.19,Vegetative
180,2021-06-30,Zone_A,Cotton,75.38,28.9,72.3,29.26,5.93,Harvesting
181,2021-07-01,Zone_B,Sugarcane,69.12,33.3,71.1,16.84,2.1,Flowering
182,2021-07-02,Zone_B,Wheat,66.64,26.3,72.8,22.65,1.16,Flowering
183,2021-07-03,Zone_C,Sugarcane,66.28,34.4,74.7,28.64,9.7,Vegetative
184,2021-07-04,Zone_A,Rice,74.2,32.5,82.6,12.05,0.22,Vegetative
185,2021-07-05,Zone_B,Sugarcane,69.84,34.4,91.2,28.74,8.03,Vegetative
186,2021-07-06,Zone_C,Wheat,80.47,31.8,75.9,23.76,7.88,Vegetative
187,2021-07-07,Zone_C,Wheat,81.24,28.6,93.4,11.36,2.97,Sowing
188,2021-07-08,Zone_B,Wheat,60.12,34.4,93.9,16.02,1.36,Sowing
189,2021-07-09,Zone_A,Wheat,59.09,27.8,94.0,24.16,1.46,Harvesting
190,2021-07-10,Zone_C,Rice,73.91,28.3,90.9,11.35,6.97,Flowering
191,2021-07-11,Zone_A,Sugarcane,64.04,32.0,79.1,21.64,6.43,Flowering
192,2021-07-12,Zone_A,Cotton,55.56,32.7,71.8,16.92,7.83,Harvesting
193,2021-07-13,Zone_C,Wheat,81.66,34.3,84.2,22.42,9.37,Harvesting
194,2021-07-14,Zone_B,Cotton,61.81,27.0,84.0,10.91,6.92,Harvesting
195,2021-07-15,Zone_A,Cotton,82.88,33.0,91.2,27.43,1.56,Sowing
196,2021-07-16,Zone_D,Sugarcane,76.52,32.4,94.9,29.47,2.43,Harvesting
197,2021-07-17,Zone_B,Cotton,77.88,25.6,82.7,29.38,8.42,Flowering
198,2021-07-18,Zone_C,Cotton,61.04,28.9,78.6,24.99,2.09,Harvesting
199,2021-07-19,Zone_D,Rice,62.03,27.8,74.6,12.6,0.73,Vegetative
200,2021-07-20,Zone_A,Cotton,70.64,28.0,70.1,25.17,7.03,Flowering
201,2021-07-21,Zone_B,Sugarcane,60.16,34.8,82.7,10.49,4.03,Flowering
202,2021-07-22,Zone_D,Cotton,64.16,31.4,83.9,10.44,9.2,Flowering
203,2021-07-23,Zone_B,Sugarcane,64.64,32.2,90.6,16.47,6.5,Sowing
204,2021-07-24,Zone_A,Wheat,59.79,34.8,82.6,19.77,0.9,Sowing
205,2021-07-25,Zone_B,Cotton,61.16,28.8,92.9,25.41,9.48,Flowering
206,2021-07-26,Zone_D,Cotton,78.66,33.0,85.7,23.67,2.59,Vegetative
207,2021-07-27,Zone_B,Cotton,60.02,29.3,91.0,18.92,3.37,Flowering
208,2021-07-28,Zone_C,Wheat,55.85,33.7,73.7,15.47,4.02,Sowing
209,2021-07-29,Zone_C,Rice,73.88,26.8,91.4,29.94,0.51,Vegetative
210,2021-07-30,Zone_D,Cotton,84.28,34.5,86.9,18.52,4.97,Flowering
211,2021-07-31,Zone_B,Sugarcane,64.94,27.2,74.3,19.03,1.23,Sowing
212,2021-08-01,Zone_D,Rice,58.56,28.3,74.7,13.27,4.01,Vegetative
213,2021-08-02,Zone_B,Rice,72.11,32.6,93.2,25.9,3.51,Harvesting
214,2021-08-03,Zone_A,Rice,82.19,28.9,70.8,23.87,7.73,Harvesting
215,2021-08-04,Zone_C,Cotton,78.52,31.1,81.6,14.42,8.03,Flowering
216,2021-08-05,Zone_A,Wheat,73.68,29.4,77.8,11.65,1.53,Harvesting
217,2021-08-06,Zone_B,Wheat,64.45,32.4,86.6,23.61,3.67,Sowing
218,2021-08-07,Zone_A,Cotton,71.26,27.3,91.0,23.09,3.73,Vegetative
219,2021-08-08,Zone_D,Sugarcane,57.74,25.6,79.0,15.47,1.51,Flowering
220,2021-08-09,Zone_D,Sugarcane,75.37,28.0,80.7,29.02,7.98,Vegetative
221,2021-08-10,Zone_B,Sugarcane,76.75,29.7,94.5,13.02,7.07,Vegetative
222,2021-08-11,Zone_C,Cotton,83.95,26.7,89.6,18.65,1.9,Vegetative
223,2021-08-12,Zone_D,Wheat,62.81,28.5,92.4,28.87,3.67,Sowing
224,2021-08-13,Zone_C,Cotton,55.55,29.0,81.0,18.39,1.06,Flowering
225,2021-08-14,Zone_B,Wheat,71.37,25.6,75.9,22.77,6.28,Harvesting
226,2021-08-15,Zone_C,Rice,76.2,30.8,80.3,17.95,1.21,Vegetative
227,2021-08-16,Zone_B,Cotton,78.71,33.8,87.9,15.48,9.86,Vegetative
228,2021-08-17,Zone_A,Wheat,60.81,26.5,72.7,29.68,7.81,Vegetative
229,2021-08-18,Zone_B,Rice,62.85,31.0,76.8,18.19,3.9,Sowing
230,2021-08-19,Zone_A,Rice,70.38,31.6,71.2,27.88,5.79,Harvesting
231,2021-08-20,Zone_B,Cotton,64.92,29.2,80.8,14.6,9.11,Vegetative
232,2021-08-21,Zone_D,Wheat,80.82,32.0,90.7,14.26,5.54,Sowing
233,2021-08-22,Zone_D,Rice,69.21,29.1,70.6,10.62,1.74,Sowing
234,2021-08-23,Zone_C,Cotton,78.99,30.0,86.9,23.03,3.79,Vegetative
235,2021-08-24,Zone_B,Rice,72.42,25.1,93.3,17.37,8.43,Vegetative
236,2021-08-25,Zone_B,Sugarcane,78.19,31.9,75.9,27.29,6.44,Sowing
237,2021-08-26,Zone_B,Cotton,64.98,31.6,87.3,19.46,6.51,Sowing
238,2021-08-27,Zone_C,Rice,79.94,25.4,94.4,29.36,8.67,Vegetative
239,2021-08-28,Zone_D,Cotton,63.24,28.7,94.1,13.71,8.94,Sowing
240,2021-08-29,Zone_B,Cotton,71.38,34.8,75.9,27.37,9.2,Sowing
241,2021-08-30,Zone_C,Wheat,61.42,29.2,72.5,25.53,0.95,Vegetative
242,2021-08-31,Zone_B,Wheat,69.27,30.0,73.7,25.42,5.44,Vegetative
243,2021-09-01,Zone_A,Rice,64.55,34.1,87.6,26.9,7.41,Flowering
244,2021-09-02,Zone_B,Cotton,63.0,32.2,88.1,25.22,7.57,Harvesting
245,2021-09-03,Zone_A,Cotton,84.01,30.8,86.9,22.52,6.07,Vegetative
246,2021-09-04,Zone_C,Sugarcane,59.8,33.0,78.4,12.62,1.67,Vegetative
247,2021-09-05,Zone_C,Cotton,78.62,33.6,74.2,10.65,7.97,Vegetative
248,2021-09-06,Zone_D,Wheat,84.52,29.6,84.5,28.42,7.2,Harvesting
249,2021-09-07,Zone_B,Cotton,55.6,29.8,82.1,22.33,0.86,Flowering
250,2021-09-08,Zone_C,Wheat,75.97,28.9,88.2,25.93,4.64,Sowing
251,2021-09-09,Zone_D,Sugarcane,62.59,34.7,81.0,19.63,1.74,Harvesting
252,2021-09-10,Zone_B,Rice,56.21,32.0,78.5,12.35,3.37,Vegetative
253,2021-09-11,Zone_C,Wheat,67.09,25.8,77.3,12.5,0.18,Vegetative
254,2021-09-12,Zone_A,Rice,83.06,33.6,75.3,23.71,4.0,Flowering
255,2021-09-13,Zone_C,Rice,55.35,29.8,76.6,18.61,5.5,Flowering
256,2021-09-14,Zone_A,Rice,72.64,25.7,72.4,14.01,6.2,Flowering
257,2021-09-15,Zone_D,Rice,70.04,30.5,78.7,19.83,6.63,Sowing
258,2021-09-16,Zone_D,Wheat,81.2,29.2,70.9,11.28,8.36,Harvesting
259,2021-09-17,Zone_B,Sugarcane,57.52,33.8,74.7,21.64,2.15,Harvesting
260,2021-09-18,Zone_B,Cotton,75.45,27.0,88.7,15.38,1.2,Flowering
261,2021-09-19,Zone_B,Wheat,75.4,33.3,78.1,25.95,8.52,Sowing
262,2021-09-20,Zone_D,Sugarcane,75.07,30.6,86.7,16.21,1.57,Harvesting
263,2021-09-21,Zone_A,Cotton,83.27,25.5,87.9,19.1,9.75,Vegetative
264,2021-09-22,Zone_B,Rice,79.69,34.7,84.5,10.23,8.43,Vegetative
265,2021-09-23,Zone_B,Cotton,56.26,30.1,94.0,11.45,5.01,Vegetative
266,2021-09-24,Zone_D,Cotton,69.13,27.9,70.5,17.85,9.81,Harvesting
267,2021-09-25,Zone_A,Sugarcane,66.94,29.7,88.5,19.6,0.97,Flowering
268,2021-09-26,Zone_C,Cotton,64.3,33.6,94.0,22.0,3.03,Vegetative
269,2021-09-27,Zone_B,Rice,68.54,28.0,91.6,15.83,6.38,Flowering
270,2021-09-28,Zone_C,Wheat,66.53,26.9,74.2,23.9,3.5,Sowing
271,2021-09-29,Zone_C,Wheat,67.97,26.3,78.2,27.2,9.28,Vegetative
272,2021-09-30,Zone_B,Sugarcane,84.38,28.0,74.3,25.6,0.66,Sowing
273,2021-10-01,Zone_D,Rice,38.41,32.8,42.5,5.91,18.83,Flowering
274,2021-10-02,Zone_B,Rice,39.16,29.7,36.8,7.7,17.81,Harvesting
275,2021-10-03,Zone_A,Cotton,44.0,27.3,37.1,5.6,21.13,Flowering
276,2021-10-04,Zone_A,Sugarcane,43.45,26.7,36.5,6.46,17.65,Vegetative
277,2021-10-05,Zone_B,Rice,53.13,28.3,47.1,5.04,16.34,Vegetative
278,2021-10-06,Zone_C,Rice,59.5,34.4,57.9,5.8,15.97,Flowering
279,2021-10-07,Zone_A,Rice,57.84,28.4,49.9,2.43,10.4,Vegetative
280,2021-10-08,Zone_A,Wheat,42.87,34.9,61.3,3.53,15.03,Vegetative
281,2021-10-09,Zone_B,Wheat,42.36,29.9,52.3,4.17,24.64,Sowing
282,2021-10-10,Zone_B,Wheat,63.97,26.8,54.1,4.83,23.1,Harvesting
283,2021-10-11,Zone_D,Cotton,35.25,33.9,53.4,2.27,14.94,Flowering
284,2021-10-12,Zone_B,Cotton,61.39,29.6,45.7,2.84,18.82,Sowing
285,2021-10-13,Zone_B,Cotton,40.99,32.1,54.1,3.66,22.71,Vegetative
286,2021-10-14,Zone_A,Rice,63.42,34.8,32.4,7.83,16.62,Sowing
287,2021-10-15,Zone_A,Wheat,45.27,25.5,60.1,3.99,10.27,Harvesting
288,2021-10-16,Zone_A,Rice,48.21,26.0,57.2,4.89,11.12,Flowering
289,2021-10-17,Zone_C,Rice,56.21,32.2,38.6,3.18,17.66,Harvesting
290,2021-10-18,Zone_A,Sugarcane,52.63,27.8,56.9,5.66,24.54,Harvesting
291,2021-10-19,Zone_A,Rice,44.54,26.8,30.4,3.68,20.4,Sowing
292,2021-10-20,Zone_B,Cotton,51.61,25.4,37.6,3.24,11.06,Sowing
293,2021-10-21,Zone_D,Wheat,56.92,25.2,32.3,5.1,12.84,Harvesting
294,2021-10-22,Zone_A,Wheat,36.27,32.7,57.3,2.03,21.57,Vegetative
295,2021-10-23,Zone_D,Rice,35.34,26.3,56.5,2.05,22.62,Flowering
296,2021-10-24,Zone_A,Cotton,48.74,29.7,58.5,3.31,19.27,Vegetative
297,2021-10-25,Zone_A,Cotton,38.96,31.1,30.2,2.22,19.67,Vegetative
298,2021-10-26,Zone_D,Cotton,54.93,29.3,47.5,2.65,10.43,Flowering
299,2021-10-27,Zone_B,Wheat,41.42,25.3,54.7,4.03,22.43,Sowing
300,2021-10-28,Zone_A,Cotton,47.99,32.8,35.4,6.82,21.82,Vegetative
301,2021-10-29,Zone_D,Cotton,40.93,25.1,52.7,5.43,13.89,Sowing
302,2021-10-30,Zone_A,Rice,51.45,32.6,32.9,5.08,20.63,Flowering
303,2021-10-31,Zone_C,Sugarcane,38.48,33.9,36.3,3.76,13.22,Vegetative
304,2021-11-01,Zone_C,Cotton,35.69,29.3,46.7,7.59,10.6,Sowing
305,2021-11-02,Zone_C,Rice,36.53,30.4,52.9,4.38,13.02,Sowing
306,2021-11-03,Zone_C,Rice,63.63,29.8,35.1,2.52,12.68,Vegetative
307,2021-11-04,Zone_B,Cotton,39.27,28.9,36.5,5.7,15.07,Flowering
308,2021-11-05,Zone_C,Sugarcane,56.25,33.9,37.2,2.68,16.28,Harvesting
309,2021-11-06,Zone_D,Wheat,37.04,33.9,38.4,4.07,17.63,Sowing
310,2021-11-07,Zone_A,Sugarcane,38.24,28.4,37.9,5.04,17.15,Flowering
311,2021-11-08,Zone_D,Cotton,50.27,31.2,43.8,7.25,14.06,Vegetative
312,2021-11-09,Zone_C,Sugarcane,48.95,34.3,52.9,4.96,10.44,Sowing
313,2021-11-10,Zone_B,Rice,63.55,34.6,45.3,6.21,19.08,Sowing
314,2021-11-11,Zone_C,Rice,63.35,30.1,57.2,7.96,15.94,Sowing
315,2021-11-12,Zone_C,Sugarcane,58.39,29.5,55.2,2.79,14.48,Flowering
316,2021-11-13,Zone_B,Wheat,53.06,27.8,34.4,3.65,23.0,Sowing
317,2021-11-14,Zone_B,Sugarcane,48.65,34.6,31.7,4.37,21.2,Sowing
318,2021-11-15,Zone_B,Cotton,45.69,26.4,60.7,4.53,22.87,Vegetative
319,2021-11-16,Zone_B,Wheat,63.41,30.8,32.8,4.47,17.42,Sowing
320,2021-11-17,Zone_B,Sugarcane,53.09,27.8,35.2,7.45,11.96,Flowering
321,2021-11-18,Zone_B,Sugarcane,52.37,27.8,30.8,6.28,20.44,Vegetative
322,2021-11-19,Zone_A,Wheat,41.96,29.0,52.0,5.65,13.09,Harvesting
323,2021-11-20,Zone_C,Sugarcane,36.4,35.0,50.4,3.86,16.62,Vegetative
324,2021-11-21,Zone_C,Cotton,63.36,25.5,64.5,6.94,10.98,Sowing
325,2021-11-22,Zone_B,Rice,44.41,30.8,61.0,7.73,22.38,Harvesting
326,2021-11-23,Zone_D,Cotton,48.28,25.8,44.4,6.93,11.89,Vegetative
327,2021-11-24,Zone_B,Sugarcane,38.44,26.5,43.0,2.01,23.55,Sowing
328,2021-11-25,Zone_A,Rice,60.11,29.4,40.4,5.82,22.96,Vegetative
329,2021-11-26,Zone_D,Wheat,35.83,30.1,35.3,2.31,16.97,Flowering
330,2021-11-27,Zone_A,Cotton,60.02,27.6,34.8,3.55,21.17,Sowing
331,2021-11-28,Zone_D,Wheat,39.21,28.2,34.6,2.36,19.29,Flowering
332,2021-11-29,Zone_D,Rice,61.6,25.9,34.0,5.62,22.05,Sowing
333,2021-11-30,Zone_B,Sugarcane,56.89,28.0,38.4,6.12,16.48,Flowering
334,2021-12-01,Zone_A,Rice,39.94,14.6,40.7,2.69,21.79,Harvesting
335,2021-12-02,Zone_D,Rice,51.97,10.7,63.7,4.3,16.94,Flowering
336,2021-12-03,Zone_A,Wheat,44.38,17.2,50.2,4.74,24.11,Vegetative
337,2021-12-04,Zone_B,Cotton,40.35,20.8,64.6,4.21,17.3,Sowing
338,2021-12-05,Zone_B,Rice,60.78,14.6,43.0,2.73,16.94,Vegetative
339,2021-12-06,Zone_B,Sugarcane,47.11,12.6,46.0,4.51,21.78,Flowering
340,2021-12-07,Zone_B,Rice,46.96,15.3,41.4,6.51,22.32,Sowing
341,2021-12-08,Zone_C,Wheat,40.1,10.6,36.4,2.43,18.32,Flowering
342,2021-12-09,Zone_D,Cotton,46.49,19.8,35.0,2.48,12.7,Harvesting
343,2021-12-10,Zone_C,Sugarcane,61.15,19.9,63.1,4.13,17.02,Harvesting
344,2021-12-11,Zone_B,Wheat,45.89,17.1,64.5,7.65,24.52,Harvesting
345,2021-12-12,Zone_D,Rice,63.55,14.2,31.6,6.01,21.29,Flowering
346,2021-12-13,Zone_D,Rice,63.39,19.6,35.3,6.07,22.17,Flowering
347,2021-12-14,Zone_A,Cotton,39.35,16.7,44.8,4.17,10.49,Harvesting
348,2021-12-15,Zone_B,Wheat,40.32,19.9,36.5,5.56,17.02,Flowering
349,2021-12-16,Zone_C,Wheat,60.88,17.6,42.7,2.06,19.7,Vegetative
350,2021-12-17,Zone_A,Cotton,46.78,19.4,34.5,5.82,22.45,Flowering
351,2021-12-18,Zone_D,Sugarcane,35.13,17.2,46.0,7.48,10.74,Vegetative
352,2021-12-19,Zone_C,Wheat,43.22,15.0,39.5,5.68,22.79,Harvesting
353,2021-12-20,Zone_B,Cotton,52.93,21.5,42.3,7.24,18.23,Flowering
354,2021-12-21,Zone_C,Wheat,58.98,16.5,33.3,6.34,12.96,Harvesting
355,2021-12-22,Zone_C,Cotton,39.0,17.3,45.0,2.72,14.76,Sowing
356,2021-12-23,Zone_C,Rice,38.32,12.6,64.4,7.41,14.23,Flowering
357,2021-12-24,Zone_A,Rice,62.66,17.5,41.5,2.4,17.96,Flowering
358,2021-12-25,Zone_D,Wheat,57.53,16.9,60.7,5.2,10.78,Harvesting
359,2021-12-26,Zone_C,Wheat,52.69,12.2,59.5,2.85,12.38,Harvesting
360,2021-12-27,Zone_D,Rice,58.08,10.7,63.3,2.07,22.19,Harvesting
361,2021-12-28,Zone_A,Sugarcane,47.87,17.3,57.7,4.53,11.99,Sowing
362,2021-12-29,Zone_B,Cotton,57.75,19.2,53.1,3.77,13.5,Sowing
363,2021-12-30,Zone_B,Sugarcane,46.15,16.3,60.0,4.92,16.8,Harvesting
364,2021-12-31,Zone_C,Sugarcane,42.32,12.7,32.6,5.46,17.76,Flowering
365,2022-01-01,Zone_A,Sugarcane,56.87,18.0,46.2,2.26,21.45,Flowering
366,2022-01-02,Zone_B,Rice,47.59,11.0,64.6,2.74,16.71,Harvesting
367,2022-01-03,Zone_A,Wheat,64.44,15.3,56.9,5.35,21.85,Vegetative
368,2022-01-04,Zone_A,Sugarcane,45.48,12.0,63.7,4.06,19.28,Sowing
369,2022-01-05,Zone_C,Rice,62.65,12.2,57.3,6.38,11.7,Sowing
370,2022-01-06,Zone_C,Cotton,62.99,12.4,60.6,5.91,12.34,Vegetative
371,2022-01-07,Zone_A,Wheat,42.26,14.6,54.7,7.07,16.56,Harvesting
372,2022-01-08,Zone_A,Cotton,58.95,10.6,56.6,6.15,15.95,Flowering
373,2022-01-09,Zone_C,Sugarcane,47.99,14.8,48.3,4.58,21.15,Flowering
374,2022-01-10,Zone_A,Wheat,62.53,16.1,62.3,6.04,18.71,Sowing
375,2022-01-11,Zone_C,Sugarcane,48.5,15.8,58.9,3.65,15.82,Vegetative
376,2022-01-12,Zone_D,Wheat,57.33,14.6,59.5,3.84,12.56,Flowering
377,2022-01-13,Zone_A,Sugarcane,49.01,20.1,53.6,6.73,13.4,Sowing
378,2022-01-14,Zone_C,Cotton,41.83,11.7,40.7,4.68,18.63,Flowering
379,2022-01-15,Zone_A,Cotton,40.98,16.1,31.2,6.79,16.35,Flowering
380,2022-01-16,Zone_C,Sugarcane,47.76,10.7,62.7,6.93,17.72,Flowering
381,2022-01-17,Zone_A,Wheat,57.66,10.9,50.5,7.15,12.56,Sowing
382,2022-01-18,Zone_B,Cotton,53.15,16.9,40.4,7.5,19.94,Vegetative
383,2022-01-19,Zone_B,Wheat,55.66,16.8,35.2,4.59,22.79,Harvesting
384,2022-01-20,Zone_A,Wheat,43.47,20.5,59.0,3.91,13.87,Vegetative
385,2022-01-21,Zone_B,Cotton,49.44,16.7,59.3,5.49,17.37,Flowering
386,2022-01-22,Zone_A,Rice,36.33,21.5,58.5,4.23,24.63,Vegetative
387,2022-01-23,Zone_A,Rice,59.53,10.6,52.6,5.61,15.0,Flowering
388,2022-01-24,Zone_D,Wheat,64.7,11.2,42.8,6.23,18.93,Sowing
389,2022-01-25,Zone_D,Cotton,47.21,10.5,40.6,6.13,11.35,Sowing
390,2022-01-26,Zone_B,Rice,35.33,12.2,30.3,4.25,19.09,Sowing
391,2022-01-27,Zone_D,Sugarcane,40.09,16.5,59.2,3.0,11.34,Flowering
392,2022-01-28,Zone_D,Wheat,54.58,17.7,33.1,4.58,24.39,Vegetative
393,2022-01-29,Zone_A,Rice,53.36,10.5,52.1,2.86,20.73,Harvesting
394,2022-01-30,Zone_C,Cotton,58.64,21.4,47.6,7.34,21.82,Harvesting
395,2022-01-31,Zone_A,Cotton,42.62,20.1,48.4,4.08,20.56,Sowing
396,2022-02-01,Zone_D,Wheat,57.91,13.6,62.4,2.93,18.85,Harvesting
397,2022-02-02,Zone_A,Cotton,55.64,10.9,31.1,2.15,16.75,Flowering
398,2022-02-03,Zone_B,Sugarcane,44.68,12.0,57.1,5.87,22.88,Vegetative
399,2022-02-04,Zone_C,Sugarcane,51.36,11.5,31.8,5.82,24.35,Harvesting
400,2022-02-05,Zone_D,Rice,39.42,11.5,31.3,4.04,17.49,Harvesting
401,2022-02-06,Zone_D,Cotton,48.58,16.2,45.0,2.43,23.97,Vegetative
402,2022-02-07,Zone_A,Sugarcane,61.44,13.0,32.2,4.46,18.75,Harvesting
403,2022-02-08,Zone_A,Wheat,47.64,14.3,57.6,3.87,18.08,Vegetative
404,2022-02-09,Zone_A,Cotton,60.19,21.9,48.5,6.06,16.82,Flowering
405,2022-02-10,Zone_A,Rice,52.71,18.2,31.0,5.63,13.14,Flowering
406,2022-02-11,Zone_D,Wheat,40.76,21.4,31.4,4.19,10.06,Flowering
407,2022-02-12,Zone_A,Wheat,52.43,11.7,51.4,3.31,13.62,Sowing
408,2022-02-13,Zone_D,Wheat,50.18,14.6,58.2,7.93,17.65,Flowering
409,2022-02-14,Zone_A,Sugarcane,46.96,16.7,45.3,4.72,15.7,Harvesting
410,2022-02-15,Zone_C,Wheat,38.59,10.9,49.4,6.13,16.73,Sowing
411,2022-02-16,Zone_C,Sugarcane,47.5,10.1,58.0,2.84,24.71,Sowing
412,2022-02-17,Zone_A,Wheat,37.18,18.0,51.4,4.91,15.25,Sowing
413,2022-02-18,Zone_A,Sugarcane,37.96,17.7,37.9,2.17,16.78,Flowering
414,2022-02-19,Zone_B,Cotton,47.48,14.9,51.5,5.03,12.0,Sowing
415,2022-02-20,Zone_C,Sugarcane,44.16,15.9,52.0,7.78,10.72,Flowering
416,2022-02-21,Zone_D,Sugarcane,62.77,15.0,55.7,4.31,21.63,Flowering
417,2022-02-22,Zone_C,Cotton,46.27,10.3,51.7,2.23,18.56,Sowing
418,2022-02-23,Zone_D,Wheat,57.74,14.0,63.9,2.19,21.41,Sowing
419,2022-02-24,Zone_A,Cotton,50.91,12.1,36.9,4.33,12.25,Harvesting
420,2022-02-25,Zone_C,Wheat,56.12,11.2,63.3,2.96,18.58,Sowing
421,2022-02-26,Zone_C,Sugarcane,42.8,21.5,48.8,2.14,13.8,Flowering
422,2022-02-27,Zone_B,Wheat,63.26,17.2,53.5,6.54,13.42,Harvesting
423,2022-02-28,Zone_B,Sugarcane,50.9,18.7,33.5,4.75,10.17,Harvesting
424,2022-03-01,Zone_C,Wheat,33.98,43.4,43.3,0.17,29.38,Flowering
425,2022-03-02,Zone_C,Sugarcane,30.54,41.2,56.9,1.65,27.35,Sowing
426,2022-03-03,Zone_C,Sugarcane,20.71,40.6,54.7,1.32,22.01,Sowing
427,2022-03-04,Zone_D,Rice,31.88,41.2,31.4,2.66,26.19,Vegetative
428,2022-03-05,Zone_A,Wheat,23.65,43.6,49.1,1.05,33.27,Sowing
429,2022-03-06,Zone_B,Wheat,31.57,40.9,33.1,0.35,33.32,Vegetative
430,2022-03-07,Zone_A,Rice,31.46,40.8,64.9,0.43,25.72,Harvesting
431,2022-03-08,Zone_B,Sugarcane,18.78,44.9,61.4,2.28,29.2,Harvesting
432,2022-03-09,Zone_B,Sugarcane,29.02,42.6,30.7,1.85,23.87,Harvesting
433,2022-03-10,Zone_B,Rice,20.81,39.4,60.1,0.3,24.21,Vegetative
434,2022-03-11,Zone_C,Rice,20.95,42.1,62.2,0.25,20.46,Flowering
435,2022-03-12,Zone_B,Cotton,20.93,38.9,42.4,2.1,37.93,Flowering
436,2022-03-13,Zone_A,Sugarcane,29.51,37.3,55.2,0.22,24.21,Harvesting
437,2022-03-14,Zone_B,Cotton,19.6,41.0,45.5,2.47,24.55,Vegetative
438,2022-03-15,Zone_A,Wheat,15.02,44.3,52.9,2.12,25.59,Vegetative
439,2022-03-16,Zone_B,Cotton,29.3,44.3,41.9,0.24,22.55,Harvesting
440,2022-03-17,Zone_B,Rice,18.42,38.4,41.3,0.25,32.79,Sowing
441,2022-03-18,Zone_C,Rice,17.09,40.3,44.9,2.96,21.5,Harvesting
442,2022-03-19,Zone_A,Rice,19.75,37.1,35.1,1.12,22.68,Vegetative
443,2022-03-20,Zone_B,Rice,22.6,45.0,59.1,1.11,32.9,Sowing
444,2022-03-21,Zone_B,Cotton,24.52,44.8,42.2,2.44,26.79,Flowering
445,2022-03-22,Zone_A,Cotton,15.89,41.5,44.0,2.84,34.16,Sowing
446,2022-03-23,Zone_B,Cotton,34.41,43.0,61.3,2.96,31.15,Flowering
447,2022-03-24,Zone_D,Rice,29.32,42.2,47.4,2.26,25.12,Vegetative
448,2022-03-25,Zone_C,Rice,21.46,40.9,49.0,1.13,33.02,Harvesting
449,2022-03-26,Zone_A,Sugarcane,21.37,35.5,63.5,0.25,22.33,Harvesting
450,2022-03-27,Zone_C,Sugarcane,23.97,39.5,61.0,2.33,30.73,Harvesting
451,2022-03-28,Zone_D,Rice,27.52,41.7,35.9,1.68,28.74,Harvesting
452,2022-03-29,Zone_D,Sugarcane,17.93,41.8,46.6,1.27,25.36,Harvesting
453,2022-03-30,Zone_D,Wheat,18.78,38.7,64.0,2.72,32.08,Vegetative
454,2022-03-31,Zone_A,Wheat,32.19,44.4,43.0,0.33,37.43,Vegetative
455,2022-04-01,Zone_D,Rice,20.13,36.7,43.0,1.48,39.98,Harvesting
456,2022-04-02,Zone_A,Cotton,22.6,40.0,36.8,0.03,32.16,Sowing
457,2022-04-03,Zone_A,Wheat,32.43,41.9,34.0,1.41,28.09,Harvesting
458,2022-04-04,Zone_B,Wheat,28.26,42.0,55.9,0.17,24.5,Flowering
459,2022-04-05,Zone_A,Cotton,21.83,41.5,57.0,0.36,25.14,Flowering
460,2022-04-06,Zone_D,Sugarcane,28.67,37.8,63.9,0.35,29.59,Flowering
461,2022-04-07,Zone_A,Cotton,15.39,36.6,57.1,1.95,27.35,Flowering
462,2022-04-08,Zone_A,Sugarcane,29.71,41.4,38.5,2.24,38.28,Harvesting
463,2022-04-09,Zone_C,Sugarcane,24.74,41.0,31.4,1.75,27.37,Flowering
464,2022-04-10,Zone_D,Cotton,31.26,36.8,64.5,2.89,27.47,Sowing
465,2022-04-11,Zone_A,Sugarcane,34.09,42.1,41.9,1.12,27.67,Harvesting
466,2022-04-12,Zone_B,Wheat,33.52,39.6,40.9,0.86,36.73,Flowering
467,2022-04-13,Zone_A,Rice,33.19,41.7,61.7,2.61,33.02,Harvesting
468,2022-04-14,Zone_A,Sugarcane,25.24,43.4,50.5,0.67,32.28,Harvesting
469,2022-04-15,Zone_C,Wheat,22.2,36.7,37.5,2.89,26.68,Harvesting
470,2022-04-16,Zone_D,Cotton,24.3,35.2,61.1,0.04,36.36,Vegetative
471,2022-04-17,Zone_D,Sugarcane,28.8,42.8,64.8,2.91,20.77,Flowering
472,2022-04-18,Zone_B,Wheat,32.68,41.1,33.0,0.13,37.42,Vegetative
473,2022-04-19,Zone_B,Sugarcane,19.14,42.0,60.2,2.67,30.25,Sowing
474,2022-04-20,Zone_B,Cotton,33.36,43.4,43.7,1.58,27.97,Sowing
475,2022-04-21,Zone_A,Rice,31.3,43.0,48.3,2.98,29.94,Vegetative
476,2022-04-22,Zone_A,Sugarcane,34.58,44.6,62.0,0.22,33.35,Flowering
477,2022-04-23,Zone_B,Rice,32.61,40.4,64.1,1.66,20.26,Harvesting
478,2022-04-24,Zone_D,Sugarcane,20.6,39.9,39.2,2.91,37.43,Sowing
479,2022-04-25,Zone_D,Sugarcane,17.12,39.0,37.4,1.57,28.93,Sowing
480,2022-04-26,Zone_B,Cotton,17.24,36.5,32.8,1.89,26.86,Sowing
481,2022-04-27,Zone_C,Sugarcane,20.82,40.7,49.7,2.09,22.76,Flowering
482,2022-04-28,Zone_D,Wheat,27.28,37.8,30.5,1.36,28.79,Vegetative
483,2022-04-29,Zone_D,Wheat,31.09,44.2,44.4,1.88,29.93,Vegetative
484,2022-04-30,Zone_B,Rice,32.99,40.8,32.6,1.75,28.07,Flowering
485,2022-05-01,Zone_D,Rice,27.48,40.9,44.2,2.7,33.57,Sowing
486,2022-05-02,Zone_A,Wheat,15.11,38.5,31.4,0.14,28.42,Flowering
487,2022-05-03,Zone_A,Rice,18.73,35.5,59.2,0.84,39.23,Flowering
488,2022-05-04,Zone_D,Rice,16.99,35.3,37.3,2.85,31.99,Vegetative
489,2022-05-05,Zone_A,Wheat,22.27,39.2,41.5,2.67,36.15,Flowering
490,2022-05-06,Zone_C,Wheat,25.03,35.8,60.5,1.37,22.19,Flowering
491,2022-05-07,Zone_D,Wheat,15.87,41.1,56.1,1.86,27.95,Sowing
492,2022-05-08,Zone_B,Cotton,21.97,43.8,37.7,0.83,26.74,Harvesting
493,2022-05-09,Zone_A,Cotton,18.58,43.8,32.5,0.56,31.39,Sowing
494,2022-05-10,Zone_C,Wheat,27.94,41.6,55.0,1.39,37.22,Vegetative
495,2022-05-11,Zone_C,Sugarcane,24.29,37.1,43.7,1.06,21.57,Harvesting
496,2022-05-12,Zone_A,Wheat,24.91,43.6,56.8,1.75,21.45,Sowing
497,2022-05-13,Zone_C,Cotton,23.55,43.9,45.6,0.23,37.01,Flowering
498,2022-05-14,Zone_D,Rice,34.12,37.0,42.1,2.92,24.26,Flowering
499,2022-05-15,Zone_C,Sugarcane,19.29,42.4,45.8,2.96,33.38,Harvesting
500,2022-05-16,Zone_A,Sugarcane,25.33,37.9,56.2,2.09,30.86,Harvesting
501,2022-05-17,Zone_C,Rice,29.72,43.0,61.6,1.61,36.66,Flowering
502,2022-05-18,Zone_A,Sugarcane,26.14,45.0,31.7,0.93,22.5,Vegetative
503,2022-05-19,Zone_A,Rice,33.58,35.3,48.3,2.44,22.6,Sowing
504,2022-05-20,Zone_C,Cotton,22.56,44.0,31.1,2.05,31.14,Flowering
505,2022-05-21,Zone_A,Sugarcane,24.27,41.2,46.4,0.49,38.93,Sowing
506,2022-05-22,Zone_A,Sugarcane,16.77,44.7,61.0,2.73,28.3,Sowing
507,2022-05-23,Zone_B,Rice,27.18,39.7,42.7,2.47,26.54,Sowing
508,2022-05-24,Zone_D,Rice,20.76,43.5,62.6,2.85,32.13,Sowing
509,2022-05-25,Zone_A,Cotton,18.21,35.6,52.1,2.18,38.61,Vegetative
510,2022-05-26,Zone_D,Rice,25.89,38.4,62.7,1.84,36.74,Vegetative
511,2022-05-27,Zone_B,Rice,25.65,35.7,56.5,1.25,39.91,Vegetative
512,2022-05-28,Zone_B,Cotton,16.52,44.8,33.6,2.8,20.45,Flowering
513,2022-05-29,Zone_B,Wheat,28.96,43.2,38.1,2.6,22.26,Flowering
514,2022-05-30,Zone_B,Wheat,27.48,43.5,43.8,0.14,32.19,Flowering
515,2022-05-31,Zone_D,Rice,18.78,44.4,36.0,0.08,36.41,Vegetative
516,2022-06-01,Zone_C,Cotton,73.61,33.1,81.7,22.95,8.45,Sowing
517,2022-06-02,Zone_C,Wheat,71.33,32.7,93.2,27.96,7.27,Vegetative
518,2022-06-03,Zone_D,Cotton,77.19,26.1,76.4,14.87,9.81,Flowering
519,2022-06-04,Zone_A,Rice,76.18,31.4,76.7,28.54,1.56,Harvesting
520,2022-06-05,Zone_D,Rice,71.03,33.3,80.3,11.21,2.26,Flowering
521,2022-06-06,Zone_A,Cotton,75.37,30.8,76.1,28.69,2.12,Sowing
522,2022-06-07,Zone_A,Sugarcane,81.21,31.5,73.2,17.03,7.93,Vegetative
523,2022-06-08,Zone_C,Rice,67.97,29.6,91.4,12.03,1.87,Harvesting
524,2022-06-09,Zone_B,Rice,67.38,30.3,84.0,19.72,0.67,Harvesting
525,2022-06-10,Zone_C,Rice,77.93,25.3,91.5,15.14,9.99,Sowing
526,2022-06-11,Zone_C,Rice,72.48,31.4,90.8,15.7,0.25,Vegetative
527,2022-06-12,Zone_D,Cotton,57.13,25.8,77.1,16.15,8.35,Harvesting
528,2022-06-13,Zone_D,Cotton,81.76,29.4,83.7,26.06,3.65,Flowering
529,2022-06-14,Zone_A,Cotton,55.92,27.9,72.1,20.78,8.42,Sowing
530,2022-06-15,Zone_D,Cotton,77.45,30.5,92.9,16.23,5.55,Harvesting
531,2022-06-16,Zone_A,Sugarcane,77.76,26.3,80.1,22.21,9.02,Sowing
532,2022-06-17,Zone_A,Cotton,83.59,31.9,79.8,24.32,9.26,Vegetative
533,2022-06-18,Zone_B,Cotton,56.62,33.0,77.6,15.45,0.09,Vegetative
534,2022-06-19,Zone_B,Rice,72.91,26.6,81.5,18.27,0.75,Vegetative
535,2022-06-20,Zone_C,Sugarcane,67.84,26.0,76.3,12.44,2.5,Flowering
536,2022-06-21,Zone_B,Rice,64.92,26.5,79.4,13.62,6.69,Harvesting
537,2022-06-22,Zone_A,Sugarcane,57.71,33.8,90.0,23.62,8.88,Vegetative
538,2022-06-23,Zone_D,Wheat,71.88,30.3,90.9,13.63,4.6,Flowering
539,2022-06-24,Zone_B,Sugarcane,69.37,29.7,77.6,20.5,6.07,Vegetative
540,2022-06-25,Zone_B,Sugarcane,58.14,26.1,81.7,24.18,1.88,Vegetative
541,2022-06-26,Zone_B,Rice,73.37,31.5,91.8,12.14,8.05,Harvesting
542,2022-06-27,Zone_B,Sugarcane,77.14,33.7,71.3,21.35,9.67,Flowering
543,2022-06-28,Zone_A,Sugarcane,78.02,33.3,92.2,15.13,2.69,Vegetative
544,2022-06-29,Zone_A,Rice,82.16,31.3,75.5,29.26,4.95,Flowering
545,2022-06-30,Zone_C,Wheat,67.28,25.8,87.0,19.67,0.86,Flowering
546,2022-07-01,Zone_D,Wheat,83.59,26.1,84.6,26.12,5.59,Vegetative
547,2022-07-02,Zone_C,Wheat,80.96,25.5,83.8,21.0,5.03,Vegetative
548,2022-07-03,Zone_C,Sugarcane,63.9,27.6,91.5,10.87,1.44,Sowing
549,2022-07-04,Zone_B,Rice,59.78,26.4,72.5,22.66,4.42,Harvesting
550,2022-07-05,Zone_D,Wheat,68.06,27.6,78.7,29.03,3.34,Vegetative
551,2022-07-06,Zone_B,Wheat,67.06,28.9,83.5,22.03,5.22,Sowing
552,2022-07-07,Zone_A,Wheat,72.27,34.4,90.3,26.38,5.86,Harvesting
553,2022-07-08,Zone_C,Wheat,72.5,31.1,75.4,27.68,0.08,Vegetative
554,2022-07-09,Zone_D,Rice,77.5,33.3,90.1,14.56,7.61,Flowering
555,2022-07-10,Zone_A,Wheat,70.3,32.1,80.0,14.24,7.13,Harvesting
556,2022-07-11,Zone_C,Sugarcane,58.14,26.1,74.7,22.22,3.66,Flowering
557,2022-07-12,Zone_D,Sugarcane,80.75,32.4,89.0,18.22,0.53,Sowing
558,2022-07-13,Zone_C,Rice,64.29,27.8,72.3,26.8,7.55,Vegetative
559,2022-07-14,Zone_D,Cotton,84.14,31.4,82.9,28.0,9.55,Sowing
560,2022-07-15,Zone_C,Wheat,58.54,28.4,71.6,17.07,2.4,Vegetative
561,2022-07-16,Zone_B,Wheat,83.75,35.0,78.9,14.74,3.24,Vegetative
562,2022-07-17,Zone_C,Sugarcane,57.73,27.6,85.0,25.61,1.84,Flowering
563,2022-07-18,Zone_C,Rice,61.93,27.8,83.9,15.5,5.77,Sowing
564,2022-07-19,Zone_D,Cotton,56.4,34.3,80.1,26.45,1.55,Flowering
565,2022-07-20,Zone_D,Sugarcane,76.15,25.2,80.7,18.47,3.56,Flowering
566,2022-07-21,Zone_B,Cotton,80.51,32.0,75.7,23.35,6.97,Flowering
567,2022-07-22,Zone_D,Rice,68.02,32.3,81.4,11.91,5.6,Sowing
568,2022-07-23,Zone_C,Rice,82.86,33.4,93.8,22.48,3.86,Vegetative
569,2022-07-24,Zone_D,Rice,72.71,34.7,91.3,19.04,4.2,Vegetative
570,2022-07-25,Zone_D,Sugarcane,73.9,34.8,73.6,21.73,5.62,Sowing
571,2022-07-26,Zone_D,Rice,80.36,25.7,70.7,13.36,0.06,Vegetative
572,2022-07-27,Zone_B,Sugarcane,63.9,33.2,93.3,24.74,0.79,Sowing
573,2022-07-28,Zone_B,Sugarcane,65.63,31.5,83.2,27.26,8.81,Sowing
574,2022-07-29,Zone_A,Wheat,82.18,31.5,83.4,14.33,0.78,Vegetative
575,2022-07-30,Zone_B,Sugarcane,82.03,26.3,89.5,11.91,7.07,Harvesting
576,2022-07-31,Zone_B,Sugarcane,84.29,31.5,77.9,10.47,9.2,Flowering
577,2022-08-01,Zone_B,Wheat,82.06,34.8,82.0,22.84,2.71,Sowing
578,2022-08-02,Zone_C,Cotton,58.82,34.1,94.2,22.14,3.7,Sowing
579,2022-08-03,Zone_A,Wheat,79.71,29.4,86.8,20.93,5.69,Harvesting
580,2022-08-04,Zone_C,Wheat,67.3,25.4,73.8,14.64,8.82,Sowing
581,2022-08-05,Zone_B,Rice,84.72,28.6,73.3,17.82,9.42,Sowing
582,2022-08-06,Zone_B,Rice,69.17,33.3,75.1,21.89,7.4,Vegetative
583,2022-08-07,Zone_A,Wheat,71.62,32.0,89.2,19.94,0.87,Vegetative
584,2022-08-08,Zone_A,Rice,70.89,29.6,77.4,29.76,6.69,Harvesting
585,2022-08-09,Zone_D,Wheat,64.65,25.6,70.5,12.73,4.1,Sowing
586,2022-08-10,Zone_B,Rice,57.25,29.3,93.6,23.9,4.71,Flowering
587,2022-08-11,Zone_B,Sugarcane,81.87,29.7,74.2,18.09,0.49,Vegetative
588,2022-08-12,Zone_C,Rice,79.08,34.3,70.2,18.56,1.91,Flowering
589,2022-08-13,Zone_D,Rice,59.19,31.4,75.9,24.35,7.91,Flowering
590,2022-08-14,Zone_B,Sugarcane,78.3,28.1,75.9,23.85,4.54,Harvesting
591,2022-08-15,Zone_C,Wheat,73.78,30.3,80.6,29.83,3.02,Harvesting
592,2022-08-16,Zone_A,Rice,67.27,25.7,93.0,12.57,3.84,Sowing
593,2022-08-17,Zone_C,Rice,62.62,34.7,92.0,12.08,8.54,Harvesting
594,2022-08-18,Zone_B,Sugarcane,80.79,28.6,81.4,24.49,7.49,Vegetative
595,2022-08-19,Zone_C,Sugarcane,76.01,29.8,80.3,21.57,2.72,Sowing
596,2022-08-20,Zone_C,Sugarcane,71.43,28.6,83.9,15.48,1.18,Sowing
597,2022-08-21,Zone_D,Cotton,73.29,31.8,76.1,11.59,2.52,Flowering
598,2022-08-22,Zone_D,Sugarcane,57.73,31.6,71.3,11.71,9.21,Flowering
599,2022-08-23,Zone_A,Wheat,69.22,32.2,93.5,27.88,5.82,Flowering
600,2022-08-24,Zone_D,Rice,60.81,27.7,74.7,13.84,5.33,Sowing
601,2022-08-25,Zone_C,Rice,61.25,28.2,75.0,16.47,5.96,Harvesting
602,2022-08-26,Zone_D,Cotton,74.84,26.3,81.8,14.53,3.66,Harvesting
603,2022-08-27,Zone_B,Rice,82.34,31.6,82.3,17.1,8.07,Harvesting
604,2022-08-28,Zone_C,Rice,67.11,25.4,70.5,11.39,5.23,Sowing
605,2022-08-29,Zone_C,Wheat,61.23,31.0,73.7,20.38,1.17,Sowing
606,2022-08-30,Zone_C,Rice,74.46,33.7,79.5,11.35,1.29,Sowing
607,2022-08-31,Zone_B,Wheat,81.14,33.9,87.1,26.01,5.37,Sowing
608,2022-09-01,Zone_C,Cotton,77.45,29.5,75.7,14.67,9.37,Sowing
609,2022-09-02,Zone_D,Wheat,81.06,29.6,80.6,20.8,3.08,Harvesting
610,2022-09-03,Zone_B,Sugarcane,71.1,25.8,83.9,27.6,8.7,Sowing
611,2022-09-04,Zone_C,Sugarcane,77.56,31.7,92.2,23.02,7.64,Harvesting
612,2022-09-05,Zone_D,Cotton,59.2,33.2,78.2,20.66,2.48,Sowing
613,2022-09-06,Zone_D,Rice,65.45,27.4,73.3,16.49,0.36,Harvesting
614,2022-09-07,Zone_A,Wheat,66.69,29.2,82.2,16.66,1.02,Vegetative
615,2022-09-08,Zone_D,Sugarcane,70.34,33.4,88.7,23.39,7.28,Vegetative
616,2022-09-09,Zone_D,Wheat,82.87,33.8,72.7,29.88,2.0,Harvesting
617,2022-09-10,Zone_A,Sugarcane,81.23,27.4,80.6,23.24,3.71,Vegetative
618,2022-09-11,Zone_A,Wheat,59.04,30.5,70.4,21.16,5.02,Vegetative
619,2022-09-12,Zone_B,Rice,60.18,26.9,70.8,24.61,7.25,Harvesting
620,2022-09-13,Zone_D,Cotton,65.73,26.0,82.1,19.3,1.13,Sowing
621,2022-09-14,Zone_B,Rice,63.72,34.1,77.5,11.2,4.06,Sowing
622,2022-09-15,Zone_B,Wheat,73.44,33.2,91.1,21.25,4.85,Harvesting
623,2022-09-16,Zone_C,Sugarcane,82.08,32.6,85.1,29.15,5.41,Flowering
624,2022-09-17,Zone_B,Sugarcane,83.87,25.5,81.3,13.51,8.18,Flowering
625,2022-09-18,Zone_B,Cotton,74.61,33.4,80.2,23.8,1.72,Vegetative
626,2022-09-19,Zone_B,Rice,80.14,29.4,82.4,14.02,8.08,Flowering
627,2022-09-20,Zone_B,Rice,70.76,28.4,71.0,20.72,6.93,Vegetative
628,2022-09-21,Zone_A,Rice,61.25,30.5,92.3,11.93,5.56,Sowing
629,2022-09-22,Zone_D,Sugarcane,70.74,25.9,95.0,19.01,7.0,Harvesting
630,2022-09-23,Zone_C,Cotton,71.65,32.6,74.5,25.12,4.12,Sowing
631,2022-09-24,Zone_A,Sugarcane,77.27,30.8,73.0,16.95,1.38,Harvesting
632,2022-09-25,Zone_C,Rice,61.6,26.9,73.6,23.3,6.66,Flowering
633,2022-09-26,Zone_C,Wheat,66.05,26.9,86.5,25.91,5.25,Sowing
634,2022-09-27,Zone_A,Sugarcane,65.92,26.8,86.5,28.54,6.39,Sowing
635,2022-09-28,Zone_B,Cotton,83.78,25.6,91.2,14.69,3.38,Vegetative
636,2022-09-29,Zone_A,Rice,68.32,30.9,88.8,17.99,9.07,Harvesting
637,2022-09-30,Zone_C,Wheat,77.65,33.4,81.2,13.05,5.87,Flowering
638,2022-10-01,Zone_C,Sugarcane,49.45,25.2,54.5,7.7,19.1,Sowing
639,2022-10-02,Zone_B,Wheat,47.02,25.5,52.4,6.22,19.06,Harvesting
640,2022-10-03,Zone_A,Wheat,64.59,30.7,48.6,3.79,22.41,Flowering
641,2022-10-04,Zone_D,Cotton,59.63,33.2,56.9,2.63,16.38,Sowing
642,2022-10-05,Zone_C,Sugarcane,48.05,28.3,56.5,6.69,14.13,Harvesting
643,2022-10-06,Zone_A,Cotton,56.82,28.5,51.6,5.86,13.98,Vegetative
644,2022-10-07,Zone_B,Rice,43.09,31.0,57.5,2.29,18.04,Sowing
645,2022-10-08,Zone_B,Wheat,38.01,27.7,41.7,4.16,16.74,Harvesting
646,2022-10-09,Zone_D,Cotton,45.57,25.3,60.8,7.74,16.6,Flowering
647,2022-10-10,Zone_C,Cotton,47.09,32.4,51.5,5.0,11.37,Flowering
648,2022-10-11,Zone_D,Rice,35.5,31.3,58.8,4.6,20.78,Vegetative
649,2022-10-12,Zone_D,Sugarcane,59.44,30.8,49.1,4.75,13.21,Sowing
650,2022-10-13,Zone_D,Cotton,45.78,32.4,37.6,3.25,12.95,Vegetative
651,2022-10-14,Zone_D,Wheat,52.41,31.8,49.0,4.21,16.19,Harvesting
652,2022-10-15,Zone_B,Wheat,37.22,27.1,43.0,4.22,13.42,Flowering
653,2022-10-16,Zone_C,Wheat,40.25,28.5,54.4,2.31,18.76,Vegetative
654,2022-10-17,Zone_D,Wheat,61.69,26.3,46.7,6.61,15.57,Sowing
655,2022-10-18,Zone_C,Cotton,53.26,26.3,59.3,4.5,16.73,Harvesting
656,2022-10-19,Zone_B,Wheat,63.51,31.8,53.7,6.93,18.06,Sowing
657,2022-10-20,Zone_B,Cotton,64.96,33.6,54.0,7.1,13.05,Vegetative
658,2022-10-21,Zone_A,Sugarcane,46.16,34.6,37.6,3.27,12.34,Flowering
659,2022-10-22,Zone_A,Wheat,43.96,31.3,64.4,5.94,23.21,Flowering
660,2022-10-23,Zone_C,Sugarcane,60.75,26.8,59.5,4.83,16.51,Vegetative
661,2022-10-24,Zone_A,Cotton,64.96,26.1,57.6,7.28,16.18,Sowing
662,2022-10-25,Zone_D,Rice,53.89,33.1,41.6,3.29,10.53,Sowing
663,2022-10-26,Zone_C,Sugarcane,58.85,30.8,48.7,6.07,17.47,Sowing
664,2022-10-27,Zone_B,Wheat,58.45,31.2,34.8,5.65,18.31,Sowing
665,2022-10-28,Zone_B,Rice,45.66,32.8,48.8,3.77,18.38,Flowering
666,2022-10-29,Zone_D,Sugarcane,52.23,32.0,35.1,2.82,20.61,Sowing
667,2022-10-30,Zone_A,Cotton,59.99,33.3,49.4,5.91,12.66,Vegetative
668,2022-10-31,Zone_C,Cotton,55.64,25.6,52.7,6.43,13.78,Vegetative
669,2022-11-01,Zone_C,Cotton,35.63,32.5,43.7,3.89,22.16,Vegetative
670,2022-11-02,Zone_D,Sugarcane,45.1,33.5,47.4,5.87,24.21,Vegetative
671,2022-11-03,Zone_A,Cotton,39.33,27.9,60.6,4.37,12.04,Sowing
672,2022-11-04,Zone_C,Sugarcane,41.99,31.4,33.8,6.28,17.46,Flowering
673,2022-11-05,Zone_D,Wheat,62.16,28.1,57.7,3.2,13.21,Harvesting
674,2022-11-06,Zone_C,Wheat,36.11,34.6,36.0,7.34,10.9,Sowing
675,2022-11-07,Zone_B,Sugarcane,41.59,25.3,31.3,3.72,14.88,Harvesting
676,2022-11-08,Zone_C,Sugarcane,44.29,30.8,36.5,4.21,12.16,Flowering
677,2022-11-09,Zone_C,Rice,53.51,26.7,56.8,2.35,20.65,Sowing
678,2022-11-10,Zone_C,Cotton,51.02,32.1,44.2,2.67,18.01,Harvesting
679,2022-11-11,Zone_A,Wheat,41.55,26.8,60.5,5.1,12.16,Flowering
680,2022-11-12,Zone_A,Wheat,39.93,27.4,48.4,3.61,10.14,Harvesting
681,2022-11-13,Zone_D,Rice,42.1,29.9,30.8,7.01,22.12,Vegetative
682,2022-11-14,Zone_A,Sugarcane,50.08,34.1,55.1,2.09,12.64,Vegetative
683,2022-11-15,Zone_C,Sugarcane,43.14,27.1,33.9,4.27,19.09,Flowering
684,2022-11-16,Zone_C,Rice,63.43,26.4,57.6,4.02,15.05,Flowering
685,2022-11-17,Zone_A,Cotton,48.92,32.6,35.9,2.12,18.78,Harvesting
686,2022-11-18,Zone_A,Sugarcane,36.76,30.0,42.1,2.75,14.73,Flowering
687,2022-11-19,Zone_C,Sugarcane,56.88,34.1,56.6,4.48,11.3,Vegetative
688,2022-11-20,Zone_C,Cotton,44.87,26.5,63.4,4.96,13.34,Vegetative
689,2022-11-21,Zone_B,Cotton,54.6,31.5,43.0,4.43,12.82,Sowing
690,2022-11-22,Zone_D,Rice,43.39,27.3,59.0,5.19,16.42,Harvesting
691,2022-11-23,Zone_A,Rice,52.12,26.6,36.7,5.57,19.87,Flowering
692,2022-11-24,Zone_D,Rice,58.16,31.8,58.3,2.06,13.96,Flowering
693,2022-11-25,Zone_C,Sugarcane,62.84,30.9,53.0,4.78,10.18,Flowering
694,2022-11-26,Zone_D,Rice,42.83,32.5,36.7,7.78,17.78,Harvesting
695,2022-11-27,Zone_A,Sugarcane,45.05,28.1,40.6,5.11,19.09,Vegetative
696,2022-11-28,Zone_A,Wheat,48.93,29.5,34.6,6.07,24.44,Flowering
697,2022-11-29,Zone_D,Cotton,62.82,29.1,43.4,3.87,18.84,Flowering
698,2022-11-30,Zone_A,Cotton,62.04,34.8,37.1,6.64,17.07,Vegetative
699,2022-12-01,Zone_B,Wheat,37.7,21.8,52.5,6.64,18.6,Flowering
700,2022-12-02,Zone_C,Rice,38.96,13.0,64.8,5.13,23.92,Sowing
701,2022-12-03,Zone_C,Sugarcane,49.87,10.9,30.4,7.86,22.43,Vegetative
702,2022-12-04,Zone_A,Sugarcane,38.2,18.0,48.9,2.75,14.84,Vegetative
703,2022-12-05,Zone_C,Sugarcane,45.37,17.1,50.1,2.1,13.56,Vegetative
704,2022-12-06,Zone_B,Cotton,39.45,15.0,62.0,6.62,13.94,Sowing
705,2022-12-07,Zone_A,Rice,54.08,15.1,47.7,6.84,17.57,Vegetative
706,2022-12-08,Zone_B,Sugarcane,63.48,19.4,49.0,2.72,21.16,Harvesting
707,2022-12-09,Zone_B,Sugarcane,64.9,12.3,46.5,3.59,17.55,Harvesting
708,2022-12-10,Zone_C,Sugarcane,46.26,19.8,39.4,2.11,11.02,Harvesting
709,2022-12-11,Zone_C,Wheat,52.97,17.8,32.0,3.76,20.85,Vegetative
710,2022-12-12,Zone_D,Sugarcane,60.69,15.0,44.3,6.64,22.09,Vegetative
711,2022-12-13,Zone_B,Wheat,38.52,15.5,31.8,5.11,14.34,Vegetative
712,2022-12-14,Zone_C,Sugarcane,55.69,13.1,49.3,4.09,19.96,Sowing
713,2022-12-15,Zone_B,Sugarcane,47.27,19.0,40.8,4.23,16.4,Harvesting
714,2022-12-16,Zone_D,Sugarcane,41.18,16.2,48.7,2.01,23.34,Flowering
715,2022-12-17,Zone_B,Wheat,47.08,13.9,34.7,3.8,22.68,Flowering
716,2022-12-18,Zone_A,Sugarcane,37.28,17.2,62.6,5.88,17.88,Vegetative
717,2022-12-19,Zone_D,Rice,55.86,21.9,61.3,7.85,20.37,Sowing
718,2022-12-20,Zone_D,Sugarcane,42.58,15.2,36.6,7.08,23.25,Vegetative
719,2022-12-21,Zone_B,Wheat,44.34,21.0,42.0,2.14,17.44,Flowering
720,2022-12-22,Zone_B,Wheat,38.63,14.1,51.5,7.39,14.7,Harvesting
721,2022-12-23,Zone_C,Rice,60.94,10.7,33.3,6.7,21.3,Flowering
722,2022-12-24,Zone_A,Cotton,49.8,12.5,42.4,6.68,13.3,Harvesting
723,2022-12-25,Zone_D,Rice,52.16,15.0,38.8,4.75,15.83,Harvesting
724,2022-12-26,Zone_D,Rice,52.08,12.6,62.0,4.39,22.99,Sowing
725,2022-12-27,Zone_D,Wheat,47.31,10.0,59.8,3.82,20.87,Flowering
726,2022-12-28,Zone_C,Sugarcane,40.78,21.0,50.3,2.39,16.06,Vegetative
727,2022-12-29,Zone_A,Sugarcane,57.35,20.1,48.2,3.37,13.22,Sowing
728,2022-12-30,Zone_D,Cotton,38.81,18.9,62.6,3.48,15.34,Harvesting
729,2022-12-31,Zone_D,Cotton,38.12,12.0,62.6,4.9,14.26,Flowering
730,2023-01-01,Zone_C,Cotton,56.3,11.4,63.9,6.48,12.64,Vegetative
731,2023-01-02,Zone_B,Cotton,41.27,10.8,34.4,4.84,21.15,Sowing
732,2023-01-03,Zone_D,Rice,44.2,18.7,35.6,2.35,13.78,Vegetative
733,2023-01-04,Zone_A,Rice,49.26,21.1,53.7,7.75,16.81,Flowering
734,2023-01-05,Zone_A,Sugarcane,48.48,15.2,49.0,7.66,15.79,Vegetative
735,2023-01-06,Zone_A,Rice,56.26,11.4,30.6,6.71,24.73,Sowing
736,2023-01-07,Zone_A,Sugarcane,53.7,16.1,32.2,7.95,15.87,Vegetative
737,2023-01-08,Zone_C,Sugarcane,54.33,14.2,61.1,5.27,11.2,Flowering
738,2023-01-09,Zone_D,Sugarcane,56.42,14.5,60.4,7.78,11.35,Sowing
739,2023-01-10,Zone_C,Sugarcane,43.78,17.5,42.5,2.45,18.86,Harvesting
740,2023-01-11,Zone_A,Wheat,44.67,18.6,61.2,4.19,18.99,Sowing
741,2023-01-12,Zone_A,Sugarcane,48.14,11.3,50.8,3.35,16.28,Flowering
742,2023-01-13,Zone_A,Rice,44.22,10.4,58.2,3.17,16.48,Vegetative
743,2023-01-14,Zone_C,Rice,64.55,21.9,45.0,2.84,10.81,Harvesting
744,2023-01-15,Zone_A,Rice,59.42,12.8,34.0,5.73,17.75,Harvesting
745,2023-01-16,Zone_D,Rice,39.94,10.6,45.2,6.69,17.57,Vegetative
746,2023-01-17,Zone_A,Wheat,35.17,12.3,46.0,5.47,12.24,Flowering
747,2023-01-18,Zone_D,Cotton,36.28,10.5,49.3,2.88,11.56,Sowing
748,2023-01-19,Zone_D,Cotton,42.32,14.7,33.7,6.87,11.85,Flowering
749,2023-01-20,Zone_A,Sugarcane,38.43,19.6,64.7,5.82,11.52,Harvesting
750,2023-01-21,Zone_C,Sugarcane,51.0,14.1,38.5,4.33,19.15,Sowing
751,2023-01-22,Zone_B,Rice,60.74,15.3,36.9,6.04,12.95,Sowing
752,2023-01-23,Zone_B,Rice,57.1,18.1,48.4,3.56,13.77,Vegetative
753,2023-01-24,Zone_D,Cotton,41.47,16.1,48.8,4.07,12.6,Flowering
754,2023-01-25,Zone_C,Cotton,46.98,20.3,45.4,7.5,24.37,Sowing
755,2023-01-26,Zone_B,Rice,50.24,20.4,57.0,3.74,22.82,Vegetative
756,2023-01-27,Zone_A,Sugarcane,59.31,10.1,48.1,4.82,13.46,Flowering
757,2023-01-28,Zone_A,Wheat,60.17,19.3,51.3,7.34,14.91,Harvesting
758,2023-01-29,Zone_D,Wheat,62.29,15.5,55.3,6.25,13.15,Harvesting
759,2023-01-30,Zone_C,Cotton,50.28,21.9,30.9,2.37,17.38,Flowering
760,2023-01-31,Zone_C,Cotton,55.83,15.8,50.0,2.88,10.29,Sowing
761,2023-02-01,Zone_B,Cotton,38.35,21.8,60.9,2.05,20.07,Sowing
762,2023-02-02,Zone_B,Wheat,51.96,19.1,30.6,5.79,17.85,Harvesting
763,2023-02-03,Zone_A,Wheat,42.46,13.0,44.2,4.69,23.48,Harvesting
764,2023-02-04,Zone_D,Rice,47.95,16.5,62.4,2.81,12.47,Sowing
765,2023-02-05,Zone_C,Sugarcane,54.02,21.9,42.4,7.75,22.06,Flowering
766,2023-02-06,Zone_B,Cotton,42.71,20.3,46.1,5.18,21.88,Harvesting
767,2023-02-07,Zone_B,Rice,36.57,11.2,64.4,3.45,11.91,Sowing
768,2023-02-08,Zone_D,Wheat,35.31,18.5,37.0,5.0,15.98,Flowering
769,2023-02-09,Zone_D,Rice,35.66,14.1,32.3,6.08,12.55,Vegetative
770,2023-02-10,Zone_A,Wheat,35.25,10.1,60.1,2.46,13.82,Flowering
771,2023-02-11,Zone_D,Sugarcane,38.31,14.8,60.4,3.65,13.95,Sowing
772,2023-02-12,Zone_A,Wheat,42.18,12.8,46.5,6.84,18.34,Flowering
773,2023-02-13,Zone_A,Rice,41.64,19.8,48.0,4.76,16.17,Sowing
774,2023-02-14,Zone_D,Sugarcane,64.6,14.0,59.3,5.28,24.22,Harvesting
775,2023-02-15,Zone_D,Wheat,44.18,19.9,55.8,4.6,11.9,Vegetative
776,2023-02-16,Zone_D,Cotton,38.82,10.0,39.3,2.26,24.61,Harvesting
777,2023-02-17,Zone_D,Wheat,51.37,13.7,30.6,2.99,13.46,Harvesting
778,2023-02-18,Zone_D,Sugarcane,60.74,12.9,46.8,4.67,21.59,Sowing
779,2023-02-19,Zone_A,Rice,55.34,12.8,60.1,3.26,15.08,Sowing
780,2023-02-20,Zone_B,Sugarcane,43.88,10.8,61.4,2.3,12.15,Sowing
781,2023-02-21,Zone_C,Rice,51.85,12.2,63.5,7.06,22.87,Sowing
782,2023-02-22,Zone_C,Wheat,56.45,16.7,60.8,7.89,14.63,Harvesting
783,2023-02-23,Zone_A,Wheat,56.84,13.5,50.3,6.76,19.88,Sowing
784,2023-02-24,Zone_A,Sugarcane,55.0,15.0,45.6,7.12,18.5,Sowing
785,2023-02-25,Zone_B,Cotton,61.12,14.5,57.1,3.45,17.08,Harvesting
786,2023-02-26,Zone_D,Wheat,61.1,20.5,55.9,7.76,17.44,Vegetative
787,2023-02-27,Zone_A,Cotton,52.37,20.9,48.8,3.18,20.98,Vegetative
788,2023-02-28,Zone_C,Cotton,47.9,15.9,33.1,7.71,11.32,Flowering
789,2023-03-01,Zone_D,Sugarcane,15.4,44.8,62.4,2.84,31.63,Harvesting
790,2023-03-02,Zone_A,Wheat,20.06,37.1,45.9,0.46,30.98,Sowing
791,2023-03-03,Zone_D,Cotton,25.35,35.7,42.7,1.76,24.39,Flowering
792,2023-03-04,Zone_C,Wheat,15.3,40.9,52.0,1.52,28.58,Vegetative
793,2023-03-05,Zone_D,Rice,20.29,42.4,53.6,1.83,33.05,Vegetative
794,2023-03-06,Zone_A,Cotton,25.28,35.3,37.4,0.05,34.54,Harvesting
795,2023-03-07,Zone_A,Sugarcane,26.46,41.6,59.3,2.62,20.01,Sowing
796,2023-03-08,Zone_C,Sugarcane,33.52,40.3,40.1,2.8,38.74,Sowing
797,2023-03-09,Zone_B,Cotton,27.91,36.0,36.5,1.7,23.29,Flowering
798,2023-03-10,Zone_B,Wheat,23.29,36.7,44.2,2.09,24.67,Vegetative
799,2023-03-11,Zone_D,Rice,33.61,40.7,55.6,2.77,25.27,Flowering
800,2023-03-12,Zone_A,Rice,30.7,38.0,63.8,2.12,20.76,Flowering
801,2023-03-13,Zone_A,Sugarcane,19.0,44.4,58.3,0.46,22.46,Flowering
802,2023-03-14,Zone_C,Sugarcane,17.62,43.2,62.9,1.73,39.73,Sowing
803,2023-03-15,Zone_C,Wheat,28.52,44.8,34.9,1.82,26.3,Vegetative
804,2023-03-16,Zone_A,Sugarcane,26.2,37.6,32.5,1.27,22.31,Flowering
805,2023-03-17,Zone_C,Wheat,30.79,44.7,49.5,2.21,22.14,Vegetative
806,2023-03-18,Zone_B,Cotton,29.78,39.3,40.2,2.8,34.39,Vegetative
807,2023-03-19,Zone_B,Rice,27.5,38.5,59.0,2.78,37.09,Flowering
808,2023-03-20,Zone_D,Cotton,34.73,35.5,53.5,1.35,25.14,Flowering
809,2023-03-21,Zone_C,Sugarcane,25.67,35.5,64.0,0.34,20.42,Harvesting
810,2023-03-22,Zone_D,Rice,17.26,41.9,38.9,2.95,24.46,Sowing
811,2023-03-23,Zone_C,Rice,31.57,39.6,47.0,2.52,21.13,Vegetative
812,2023-03-24,Zone_C,Cotton,20.04,37.3,47.5,0.37,22.07,Flowering
813,2023-03-25,Zone_B,Wheat,30.55,41.1,38.4,2.76,28.63,Flowering
814,2023-03-26,Zone_A,Rice,34.14,37.5,50.7,2.61,24.6,Vegetative
815,2023-03-27,Zone_C,Wheat,28.94,40.8,45.5,1.56,30.32,Flowering
816,2023-03-28,Zone_C,Cotton,26.92,38.6,45.6,1.77,25.07,Harvesting
817,2023-03-29,Zone_C,Cotton,24.21,43.2,42.7,1.2,38.81,Vegetative
818,2023-03-30,Zone_A,Wheat,22.29,43.2,30.6,0.16,38.12,Flowering
819,2023-03-31,Zone_D,Cotton,22.06,39.8,48.3,1.01,31.34,Vegetative
820,2023-04-01,Zone_D,Rice,27.73,38.5,41.7,2.41,27.09,Flowering
821,2023-04-02,Zone_C,Cotton,30.03,38.6,30.0,0.01,27.62,Flowering
822,2023-04-03,Zone_C,Cotton,28.57,43.1,40.8,1.0,28.24,Sowing
823,2023-04-04,Zone_D,Rice,18.97,38.3,39.8,1.19,34.55,Vegetative
824,2023-04-05,Zone_D,Wheat,24.88,37.1,43.8,1.61,29.03,Sowing
825,2023-04-06,Zone_B,Cotton,30.83,35.8,34.6,2.76,37.13,Flowering
826,2023-04-07,Zone_C,Wheat,24.51,39.7,47.8,1.04,38.88,Vegetative
827,2023-04-08,Zone_D,Rice,25.73,39.8,54.2,1.04,26.72,Vegetative
828,2023-04-09,Zone_B,Wheat,30.42,43.4,52.1,2.21,31.21,Harvesting
829,2023-04-10,Zone_A,Wheat,28.23,37.2,58.1,1.36,21.9,Harvesting
830,2023-04-11,Zone_C,Sugarcane,23.19,38.8,45.8,0.67,24.01,Flowering
831,2023-04-12,Zone_D,Sugarcane,32.91,43.1,48.2,1.36,28.27,Flowering
832,2023-04-13,Zone_C,Cotton,18.25,43.2,58.4,0.42,24.12,Flowering
833,2023-04-14,Zone_B,Sugarcane,34.91,38.8,45.0,0.53,37.53,Flowering
834,2023-04-15,Zone_D,Sugarcane,17.38,39.6,54.6,1.5,23.17,Harvesting
835,2023-04-16,Zone_A,Sugarcane,15.3,38.0,45.2,1.26,29.11,Vegetative
836,2023-04-17,Zone_A,Wheat,32.8,44.3,44.6,2.74,32.11,Sowing
837,2023-04-18,Zone_B,Wheat,19.9,36.2,56.6,1.09,33.84,Vegetative
838,2023-04-19,Zone_A,Sugarcane,29.59,44.3,36.1,1.74,27.66,Vegetative
839,2023-04-20,Zone_A,Rice,31.22,41.8,41.9,1.9,37.38,Harvesting
840,2023-04-21,Zone_A,Sugarcane,32.18,40.3,37.8,0.04,31.37,Vegetative
841,2023-04-22,Zone_A,Rice,34.83,35.3,42.6,1.99,28.79,Vegetative
842,2023-04-23,Zone_A,Wheat,20.88,39.8,38.1,0.53,21.34,Flowering
843,2023-04-24,Zone_A,Rice,29.2,39.1,50.3,2.88,29.29,Sowing
844,2023-04-25,Zone_A,Wheat,17.31,36.6,57.9,0.45,36.41,Vegetative
845,2023-04-26,Zone_D,Rice,23.14,41.6,57.5,1.24,32.29,Vegetative
846,2023-04-27,Zone_A,Wheat,31.96,44.7,42.8,0.26,36.64,Sowing
847,2023-04-28,Zone_D,Wheat,22.35,40.6,64.6,2.99,29.88,Flowering
848,2023-04-29,Zone_C,Sugarcane,26.82,42.1,50.8,1.51,22.37,Harvesting
849,2023-04-30,Zone_B,Cotton,25.08,35.7,44.0,1.79,20.27,Harvesting
850,2023-05-01,Zone_A,Cotton,27.92,39.2,59.2,0.2,26.06,Vegetative
851,2023-05-02,Zone_B,Wheat,34.46,36.2,55.5,2.25,33.96,Flowering
852,2023-05-03,Zone_A,Sugarcane,16.11,41.1,56.2,0.63,35.81,Harvesting
853,2023-05-04,Zone_D,Cotton,26.48,44.4,36.9,2.69,25.92,Harvesting
854,2023-05-05,Zone_A,Cotton,32.26,41.6,46.4,0.62,29.91,Harvesting
855,2023-05-06,Zone_C,Sugarcane,24.63,35.8,60.2,0.57,28.42,Harvesting
856,2023-05-07,Zone_B,Sugarcane,16.57,38.5,47.6,0.11,28.21,Harvesting
857,2023-05-08,Zone_B,Cotton,26.21,40.5,53.9,1.42,24.63,Vegetative
858,2023-05-09,Zone_C,Cotton,21.64,39.0,50.6,1.69,22.73,Harvesting
859,2023-05-10,Zone_D,Rice,18.1,43.3,59.5,0.2,23.93,Vegetative
860,2023-05-11,Zone_D,Rice,31.98,43.1,40.0,2.33,21.11,Sowing
861,2023-05-12,Zone_C,Wheat,25.43,41.1,50.1,1.36,23.96,Sowing
862,2023-05-13,Zone_B,Cotton,33.67,38.7,34.3,1.57,20.18,Flowering
863,2023-05-14,Zone_A,Sugarcane,31.12,37.6,54.2,1.32,32.55,Vegetative
864,2023-05-15,Zone_D,Sugarcane,28.86,36.1,55.6,1.2,26.33,Flowering
865,2023-05-16,Zone_A,Cotton,15.1,38.5,31.5,1.68,39.46,Sowing
866,2023-05-17,Zone_B,Wheat,23.56,39.1,53.7,0.47,23.87,Sowing
867,2023-05-18,Zone_A,Sugarcane,18.95,41.8,44.5,0.55,26.92,Sowing
868,2023-05-19,Zone_C,Cotton,33.22,41.6,34.3,2.59,27.16,Sowing
869,2023-05-20,Zone_D,Cotton,18.49,35.7,44.7,2.84,20.17,Harvesting
870,2023-05-21,Zone_D,Wheat,20.72,39.0,36.8,1.12,36.78,Sowing
871,2023-05-22,Zone_C,Cotton,25.34,36.8,44.5,0.81,20.64,Harvesting
872,2023-05-23,Zone_C,Sugarcane,20.27,36.6,43.5,1.93,38.8,Harvesting
873,2023-05-24,Zone_D,Rice,19.2,43.3,55.8,1.23,37.84,Flowering
874,2023-05-25,Zone_D,Wheat,26.98,35.4,57.1,0.08,30.71,Harvesting
875,2023-05-26,Zone_D,Cotton,16.78,39.2,51.2,0.47,30.87,Flowering
876,2023-05-27,Zone_B,Wheat,16.16,36.7,30.8,2.15,33.08,Harvesting
877,2023-05-28,Zone_B,Cotton,22.44,43.8,62.6,1.98,27.74,Harvesting
878,2023-05-29,Zone_B,Rice,29.41,40.6,54.0,0.08,32.94,Sowing
879,2023-05-30,Zone_A,Wheat,26.1,37.3,31.2,0.67,20.9,Vegetative
880,2023-05-31,Zone_B,Cotton,23.46,40.0,58.7,0.69,21.08,Harvesting
881,2023-06-01,Zone_D,Rice,57.42,31.3,81.7,27.47,2.06,Vegetative
882,2023-06-02,Zone_B,Sugarcane,66.62,28.6,86.4,22.73,3.22,Vegetative
883,2023-06-03,Zone_D,Cotton,73.01,35.0,72.6,25.22,4.65,Vegetative
884,2023-06-04,Zone_C,Rice,70.41,29.8,76.3,13.2,9.43,Harvesting
885,2023-06-05,Zone_A,Rice,75.84,29.9,93.0,19.23,9.32,Vegetative
886,2023-06-06,Zone_A,Wheat,56.66,30.7,86.7,10.19,2.07,Harvesting
887,2023-06-07,Zone_C,Cotton,63.54,34.2,70.3,14.93,3.58,Sowing
888,2023-06-08,Zone_D,Sugarcane,79.58,33.0,75.1,24.53,1.49,Harvesting
889,2023-06-09,Zone_A,Cotton,57.4,29.5,87.1,29.84,5.1,Flowering
890,2023-06-10,Zone_B,Rice,80.66,32.2,89.1,11.98,4.61,Sowing
891,2023-06-11,Zone_D,Sugarcane,57.76,30.9,91.0,18.03,9.01,Vegetative
892,2023-06-12,Zone_A,Rice,80.03,29.9,77.3,26.0,9.3,Vegetative
893,2023-06-13,Zone_C,Wheat,65.82,26.9,93.3,14.08,3.84,Flowering
894,2023-06-14,Zone_D,Cotton,73.37,29.6,83.8,21.1,4.92,Sowing
895,2023-06-15,Zone_A,Rice,59.59,27.5,87.4,24.66,8.96,Flowering
896,2023-06-16,Zone_C,Rice,56.99,34.1,84.9,22.32,8.07,Vegetative
897,2023-06-17,Zone_D,Cotton,61.48,28.4,73.1,13.76,0.04,Harvesting
898,2023-06-18,Zone_B,Sugarcane,58.84,34.5,94.1,17.11,3.2,Vegetative
899,2023-06-19,Zone_D,Rice,64.37,30.3,73.1,25.68,4.22,Flowering
900,2023-06-20,Zone_B,Cotton,70.43,31.3,76.4,21.08,2.3,Harvesting
901,2023-06-21,Zone_D,Wheat,72.66,30.4,90.3,10.1,2.0,Harvesting
902,2023-06-22,Zone_C,Wheat,78.7,26.3,85.5,25.22,0.38,Vegetative
903,2023-06-23,Zone_B,Cotton,74.69,28.8,91.0,10.71,6.43,Harvesting
904,2023-06-24,Zone_B,Rice,73.26,26.0,82.9,24.91,2.63,Sowing
905,2023-06-25,Zone_D,Cotton,67.35,31.2,79.4,14.05,0.52,Vegetative
906,2023-06-26,Zone_A,Cotton,69.21,29.5,93.0,29.16,2.31,Vegetative
907,2023-06-27,Zone_B,Rice,67.44,32.8,70.9,17.36,8.02,Sowing
908,2023-06-28,Zone_D,Sugarcane,80.26,27.2,91.4,16.54,8.51,Vegetative
909,2023-06-29,Zone_C,Sugarcane,61.9,26.6,75.8,12.98,4.83,Flowering
910,2023-06-30,Zone_D,Wheat,55.17,29.1,91.2,16.11,4.16,Flowering
911,2023-07-01,Zone_D,Sugarcane,74.54,34.3,73.5,27.53,9.78,Vegetative
912,2023-07-02,Zone_B,Cotton,61.07,32.1,84.5,29.93,2.01,Sowing
913,2023-07-03,Zone_A,Rice,81.7,29.2,92.2,17.37,2.15,Harvesting
914,2023-07-04,Zone_C,Wheat,80.77,30.2,81.8,18.97,2.92,Sowing
915,2023-07-05,Zone_B,Sugarcane,57.3,25.8,88.7,24.44,1.73,Flowering
916,2023-07-06,Zone_B,Cotton,58.19,34.8,90.1,27.72,3.79,Vegetative
917,2023-07-07,Zone_B,Wheat,69.86,31.7,88.4,21.86,9.11,Sowing
918,2023-07-08,Zone_C,Rice,73.28,27.9,93.1,17.83,6.15,Harvesting
919,2023-07-09,Zone_A,Sugarcane,63.25,30.9,81.2,18.25,4.12,Harvesting
920,2023-07-10,Zone_C,Cotton,76.5,26.1,74.3,23.91,9.34,Harvesting
921,2023-07-11,Zone_C,Rice,72.85,34.7,71.2,10.06,0.48,Harvesting
922,2023-07-12,Zone_A,Cotton,64.74,26.7,76.2,22.39,2.1,Sowing
923,2023-07-13,Zone_C,Cotton,55.76,31.5,73.6,17.11,5.66,Harvesting
924,2023-07-14,Zone_D,Cotton,77.5,27.5,83.9,25.88,6.16,Flowering
925,2023-07-15,Zone_C,Rice,61.44,32.2,74.6,11.86,0.4,Harvesting
926,2023-07-16,Zone_B,Wheat,80.03,32.8,71.0,21.76,4.03,Flowering
927,2023-07-17,Zone_C,Cotton,67.61,31.7,70.9,19.62,6.49,Sowing
928,2023-07-18,Zone_B,Wheat,72.31,31.1,90.8,22.85,6.98,Flowering
929,2023-07-19,Zone_C,Wheat,81.19,33.9,84.8,11.3,6.38,Sowing
930,2023-07-20,Zone_B,Sugarcane,80.91,25.8,79.0,21.6,3.21,Harvesting
931,2023-07-21,Zone_B,Sugarcane,66.15,28.3,92.4,21.23,0.94,Vegetative
932,2023-07-22,Zone_B,Wheat,61.27,27.5,71.8,21.21,4.27,Flowering
933,2023-07-23,Zone_A,Sugarcane,78.25,34.9,94.5,22.07,1.29,Flowering
934,2023-07-24,Zone_C,Sugarcane,67.99,28.9,85.4,23.53,9.48,Vegetative
935,2023-07-25,Zone_C,Wheat,60.76,32.3,74.6,26.1,4.75,Sowing
936,2023-07-26,Zone_D,Rice,82.13,31.8,87.0,15.4,3.17,Sowing
937,2023-07-27,Zone_D,Sugarcane,60.94,27.1,89.1,26.5,7.66,Harvesting
938,2023-07-28,Zone_D,Sugarcane,55.77,27.4,80.7,19.97,4.98,Flowering
939,2023-07-29,Zone_C,Rice,55.61,27.8,91.5,11.54,3.1,Sowing
940,2023-07-30,Zone_A,Rice,73.67,29.1,73.8,11.17,8.12,Harvesting
941,2023-07-31,Zone_B,Rice,74.85,27.3,77.0,16.68,8.67,Sowing
942,2023-08-01,Zone_C,Wheat,64.33,25.2,72.3,25.7,6.73,Vegetative
943,2023-08-02,Zone_A,Rice,64.6,33.8,75.3,24.15,0.47,Vegetative
944,2023-08-03,Zone_A,Wheat,65.18,34.7,76.0,25.77,5.66,Vegetative
945,2023-08-04,Zone_C,Cotton,75.4,28.4,92.9,20.35,7.63,Harvesting
946,2023-08-05,Zone_B,Cotton,56.74,28.4,72.0,18.8,1.37,Flowering
947,2023-08-06,Zone_A,Rice,82.87,25.1,80.7,12.95,2.29,Vegetative
948,2023-08-07,Zone_C,Rice,61.68,31.8,83.3,16.56,8.82,Vegetative
949,2023-08-08,Zone_B,Cotton,84.99,33.3,92.5,18.68,0.2,Sowing
950,2023-08-09,Zone_D,Wheat,60.15,26.5,94.9,11.77,7.53,Vegetative
951,2023-08-10,Zone_A,Wheat,78.15,26.6,88.8,14.41,4.74,Flowering
952,2023-08-11,Zone_A,Rice,61.7,32.9,94.3,21.96,4.47,Harvesting
953,2023-08-12,Zone_C,Rice,57.43,31.2,89.7,24.71,0.07,Vegetative
954,2023-08-13,Zone_C,Rice,81.25,25.4,94.1,29.97,8.19,Harvesting
955,2023-08-14,Zone_B,Cotton,80.76,31.2,87.7,28.66,3.6,Harvesting
956,2023-08-15,Zone_D,Sugarcane,67.11,28.1,72.0,22.85,5.41,Flowering
957,2023-08-16,Zone_D,Rice,76.07,28.7,80.0,18.42,6.77,Sowing
958,2023-08-17,Zone_C,Wheat,71.71,32.7,86.2,22.72,7.03,Sowing
959,2023-08-18,Zone_C,Sugarcane,80.59,33.1,78.8,25.71,9.56,Harvesting
960,2023-08-19,Zone_B,Wheat,64.45,29.0,76.8,12.37,5.31,Vegetative
961,2023-08-20,Zone_C,Sugarcane,70.71,34.5,84.4,18.2,4.0,Harvesting
962,2023-08-21,Zone_B,Cotton,69.56,29.1,93.3,26.8,9.54,Sowing
963,2023-08-22,Zone_B,Sugarcane,65.62,32.7,70.9,17.68,6.42,Vegetative
964,2023-08-23,Zone_D,Wheat,81.74,29.8,89.2,21.44,2.98,Sowing
965,2023-08-24,Zone_B,Sugarcane,59.98,34.0,88.1,21.76,1.26,Flowering
966,2023-08-25,Zone_D,Cotton,59.49,34.1,94.1,13.69,8.43,Sowing
967,2023-08-26,Zone_D,Wheat,72.31,25.9,93.3,17.24,3.62,Vegetative
968,2023-08-27,Zone_D,Rice,74.72,34.4,89.1,16.69,6.6,Vegetative
969,2023-08-28,Zone_C,Sugarcane,60.84,33.3,83.0,10.52,4.71,Harvesting
970,2023-08-29,Zone_D,Wheat,66.72,32.9,75.1,10.48,1.99,Vegetative
971,2023-08-30,Zone_B,Sugarcane,83.4,27.0,83.6,26.63,6.02,Flowering
972,2023-08-31,Zone_C,Cotton,62.4,33.1,89.1,15.46,0.61,Sowing
973,2023-09-01,Zone_B,Wheat,75.05,33.5,92.4,20.36,4.13,Harvesting
974,2023-09-02,Zone_C,Rice,77.2,27.9,89.7,15.97,5.47,Harvesting
975,2023-09-03,Zone_B,Rice,68.44,34.5,74.9,28.81,4.36,Vegetative
976,2023-09-04,Zone_A,Sugarcane,83.13,25.5,85.0,15.19,7.49,Flowering
977,2023-09-05,Zone_A,Cotton,77.1,26.5,78.3,18.59,8.28,Harvesting
978,2023-09-06,Zone_A,Cotton,68.74,30.4,70.2,27.45,7.71,Flowering
979,2023-09-07,Zone_B,Sugarcane,72.08,30.8,75.0,26.84,0.39,Flowering
980,2023-09-08,Zone_C,Wheat,75.78,31.5,72.8,13.72,1.94,Sowing
981,2023-09-09,Zone_D,Wheat,72.77,25.2,91.1,26.05,5.37,Sowing
982,2023-09-10,Zone_D,Sugarcane,81.36,34.6,76.5,19.16,9.35,Sowing
983,2023-09-11,Zone_B,Wheat,65.71,25.4,77.1,19.66,8.35,Flowering
984,2023-09-12,Zone_B,Wheat,64.0,26.4,94.0,12.67,8.43,Sowing
985,2023-09-13,Zone_B,Wheat,61.42,25.1,79.5,11.61,3.03,Harvesting
986,2023-09-14,Zone_B,Sugarcane,56.13,30.7,70.2,24.56,4.29,Harvesting
987,2023-09-15,Zone_D,Rice,56.29,34.3,77.1,19.93,4.71,Vegetative
988,2023-09-16,Zone_C,Cotton,81.1,31.7,73.0,18.74,1.57,Flowering
989,2023-09-17,Zone_D,Rice,75.35,33.2,72.6,24.59,0.31,Sowing
990,2023-09-18,Zone_B,Wheat,74.82,25.1,71.9,25.31,9.47,Harvesting
991,2023-09-19,Zone_A,Sugarcane,73.44,30.4,84.8,13.18,2.41,Flowering
992,2023-09-20,Zone_D,Cotton,80.48,29.6,74.7,22.2,2.4,Flowering
993,2023-09-21,Zone_A,Wheat,69.41,30.0,79.0,12.71,0.83,Sowing
994,2023-09-22,Zone_A,Cotton,81.11,25.7,91.6,25.03,9.29,Flowering
995,2023-09-23,Zone_B,Cotton,65.78,31.8,80.6,23.14,5.8,Sowing
996,2023-09-24,Zone_D,Rice,82.8,30.0,92.9,29.13,6.67,Sowing
997,2023-09-25,Zone_C,Wheat,75.96,32.7,82.4,11.38,9.12,Sowing
998,2023-09-26,Zone_D,Cotton,62.72,29.9,80.0,11.14,3.46,Flowering
999,2023-09-27,Zone_C,Rice,71.92,26.5,88.8,15.64,6.22,Flowering
