date,zone,crop_type,growth_stage,season,soil_moisture_%,temperature_C,WSI,predicted_WSI,prediction_error,alert_level
2021-01-01,Zone_B,Sugarcane,Harvesting,Winter,50.99,16.9,4.45,4.461,0.011,WARNING
2021-01-02,Zone_D,Wheat,Vegetative,Winter,39.14,19.7,5.31,5.1699,-0.1401,WARNING
2021-01-03,Zone_C,Sugarcane,Sowing,Winter,52.74,19.1,6.14,6.1328,-0.0072,WARNING
2021-01-04,Zone_C,Cotton,Harvesting,Winter,44.44,11.8,1.65,1.7482,0.0982,NORMAL
2021-01-05,Zone_A,Cotton,Sowing,Winter,36.57,11.8,3.37,3.2264,-0.1436,NORMAL
2021-01-06,Zone_A,Rice,Harvesting,Winter,63.46,13.2,3.94,4.0517,0.1117,WARNING
2021-01-07,Zone_C,Sugarcane,Harvesting,Winter,54.24,14.3,3.19,3.2295,0.0395,NORMAL
2021-01-08,Zone_B,Wheat,Vegetative,Winter,61.31,14.9,4.79,4.7665,-0.0235,WARNING
2021-01-09,Zone_C,Wheat,Flowering,Winter,55.28,18.2,5.31,5.1896,-0.1204,WARNING
2021-01-10,Zone_D,Cotton,Flowering,Winter,45.71,10.7,4.91,4.6296,-0.2804,WARNING
2021-01-11,Zone_A,Sugarcane,Vegetative,Winter,50.38,10.4,1.87,1.6843,-0.1857,NORMAL
2021-01-12,Zone_A,Wheat,Harvesting,Winter,55.27,14.7,5.35,5.2082,-0.1418,WARNING
2021-01-13,Zone_C,Sugarcane,Flowering,Winter,63.81,18.4,4.27,4.544,0.274,WARNING
2021-01-14,Zone_B,Sugarcane,Flowering,Winter,42.61,12.3,5.31,5.1829,-0.1271,WARNING
2021-01-15,Zone_B,Rice,Flowering,Winter,61.25,17.7,4.48,4.5686,0.0886,WARNING
2021-01-16,Zone_D,Wheat,Vegetative,Winter,62.72,13.1,2.52,2.5985,0.0785,NORMAL
2021-01-17,Zone_A,Rice,Sowing,Winter,55.11,20.6,6.15,6.0986,-0.0514,WARNING
2021-01-18,Zone_C,Wheat,Sowing,Winter,62.94,20.7,4.86,4.883,0.023,WARNING
2021-01-19,Zone_C,Sugarcane,Sowing,Winter,46.94,13.6,5.08,4.9066,-0.1734,WARNING
2021-01-20,Zone_A,Wheat,Sowing,Winter,63.59,12.8,1.3,1.4403,0.1403,NORMAL
2021-01-21,Zone_C,Cotton,Sowing,Winter,56.08,14.9,3.7,3.8144,0.1144,NORMAL
2021-01-22,Zone_A,Sugarcane,Flowering,Winter,36.26,12.9,1.88,1.8656,-0.0144,NORMAL
2021-01-23,Zone_B,Wheat,Flowering,Winter,62.21,18.1,3.66,3.9906,0.3306,NORMAL
2021-01-24,Zone_B,Rice,Harvesting,Winter,49.53,19.9,6.44,6.2212,-0.2188,WARNING
2021-01-25,Zone_C,Rice,Flowering,Winter,48.81,18.1,6.22,6.3098,0.0898,WARNING
2021-01-26,Zone_B,Sugarcane,Vegetative,Winter,51.99,19.9,6.2,6.0436,-0.1564,WARNING
2021-01-27,Zone_B,Rice,Harvesting,Winter,39.48,14.8,2.8,2.8075,0.0075,NORMAL
2021-01-28,Zone_D,Sugarcane,Flowering,Winter,49.07,11.9,3.0,3.4111,0.4111,NORMAL
2021-01-29,Zone_A,Sugarcane,Harvesting,Winter,59.93,18.9,5.59,5.5501,-0.0399,WARNING
2021-01-30,Zone_A,Sugarcane,Harvesting,Winter,35.46,14.3,2.48,2.6295,0.1495,NORMAL
2021-01-31,Zone_C,Wheat,Sowing,Winter,43.19,18.1,6.12,6.0411,-0.0789,WARNING
2021-02-01,Zone_A,Sugarcane,Harvesting,Winter,35.07,13.2,3.16,3.1318,-0.0282,NORMAL
2021-02-02,Zone_D,Rice,Flowering,Winter,47.47,11.0,4.1,4.0648,-0.0352,WARNING
2021-02-03,Zone_C,Cotton,Sowing,Winter,56.85,21.9,6.42,6.554,0.134,WARNING
2021-02-04,Zone_C,Wheat,Flowering,Winter,58.96,11.9,1.6,1.7818,0.1818,NORMAL
2021-02-05,Zone_A,Rice,Sowing,Winter,63.36,21.9,7.27,7.1454,-0.1246,CRITICAL
2021-02-06,Zone_B,Sugarcane,Flowering,Winter,53.26,21.7,7.01,7.0046,-0.0054,CRITICAL
2021-02-07,Zone_B,Sugarcane,Sowing,Winter,42.64,19.5,5.0,4.9404,-0.0596,WARNING
2021-02-08,Zone_B,Cotton,Sowing,Winter,62.72,17.9,6.08,6.0342,-0.0458,WARNING
2021-02-09,Zone_B,Rice,Vegetative,Winter,58.26,16.9,3.64,3.9959,0.3559,NORMAL
2021-02-10,Zone_D,Wheat,Flowering,Winter,52.23,20.4,3.84,4.0622,0.2222,WARNING
2021-02-11,Zone_C,Rice,Harvesting,Winter,55.87,13.5,4.47,4.5846,0.1146,WARNING
2021-02-12,Zone_B,Sugarcane,Sowing,Winter,62.73,15.6,6.17,6.0646,-0.1054,WARNING
2021-02-13,Zone_D,Wheat,Flowering,Winter,56.37,17.4,4.87,4.8978,0.0278,WARNING
2021-02-14,Zone_C,Sugarcane,Sowing,Winter,46.05,14.9,3.77,4.2383,0.4683,WARNING
2021-02-15,Zone_A,Sugarcane,Vegetative,Winter,56.39,15.1,5.42,5.2584,-0.1616,WARNING
2021-02-16,Zone_A,Rice,Vegetative,Winter,36.21,14.0,3.79,3.7956,0.0056,NORMAL
2021-02-17,Zone_D,Cotton,Vegetative,Winter,46.59,16.8,6.06,6.0299,-0.0301,WARNING
2021-02-18,Zone_C,Sugarcane,Vegetative,Winter,47.19,20.2,4.76,4.7424,-0.0176,WARNING
2021-02-19,Zone_B,Rice,Harvesting,Winter,40.01,12.4,5.54,5.3754,-0.1646,WARNING
2021-02-20,Zone_C,Wheat,Harvesting,Winter,35.69,21.2,6.96,6.9495,-0.0105,WARNING
2021-02-21,Zone_B,Cotton,Sowing,Winter,39.0,18.3,6.28,6.2598,-0.0202,WARNING
2021-02-22,Zone_D,Sugarcane,Flowering,Winter,54.64,19.9,4.86,4.807,-0.053,WARNING
2021-02-23,Zone_B,Sugarcane,Vegetative,Winter,59.07,16.7,3.61,3.8652,0.2552,NORMAL
2021-02-24,Zone_D,Wheat,Vegetative,Winter,64.65,19.4,4.13,4.2937,0.1637,WARNING
2021-02-25,Zone_C,Rice,Harvesting,Winter,45.39,10.2,2.46,3.2375,0.7775,NORMAL
2021-02-26,Zone_C,Sugarcane,Harvesting,Winter,52.98,19.8,6.14,6.1691,0.0291,WARNING
2021-02-27,Zone_B,Wheat,Vegetative,Winter,63.11,10.5,3.99,4.0451,0.0551,WARNING
2021-02-28,Zone_C,Sugarcane,Flowering,Winter,40.01,20.7,5.65,5.6741,0.0241,WARNING
2021-03-01,Zone_B,Rice,Sowing,Summer,19.02,44.5,6.62,6.5685,-0.0515,WARNING
2021-03-02,Zone_C,Cotton,Sowing,Summer,33.45,38.0,5.97,5.8896,-0.0804,WARNING
2021-03-03,Zone_A,Rice,Sowing,Summer,32.05,35.9,6.7,6.6655,-0.0345,WARNING
2021-03-04,Zone_B,Rice,Sowing,Summer,30.5,41.0,6.58,6.5981,0.0181,WARNING
2021-03-05,Zone_D,Rice,Flowering,Summer,22.85,41.2,6.56,6.5489,-0.0111,WARNING
2021-03-06,Zone_A,Wheat,Flowering,Summer,25.09,41.5,7.82,7.8074,-0.0126,CRITICAL
2021-03-07,Zone_D,Sugarcane,Flowering,Summer,24.29,37.7,6.58,6.5832,0.0032,WARNING
2021-03-08,Zone_C,Cotton,Harvesting,Summer,20.07,35.2,7.73,7.7432,0.0132,CRITICAL
2021-03-09,Zone_A,Wheat,Vegetative,Summer,25.1,44.7,7.16,7.0874,-0.0726,CRITICAL
2021-03-10,Zone_C,Rice,Flowering,Summer,15.61,37.5,7.63,7.583,-0.047,CRITICAL
2021-03-11,Zone_B,Cotton,Sowing,Summer,17.64,41.8,7.48,7.4798,-0.0002,CRITICAL
2021-03-12,Zone_D,Rice,Flowering,Summer,32.73,42.1,7.26,7.2313,-0.0287,CRITICAL
2021-03-13,Zone_C,Rice,Vegetative,Summer,30.03,41.1,7.23,7.2149,-0.0151,CRITICAL
2021-03-14,Zone_D,Rice,Harvesting,Summer,23.46,38.1,6.71,6.6358,-0.0742,WARNING
2021-03-15,Zone_D,Cotton,Sowing,Summer,25.34,37.7,7.55,7.5594,0.0094,CRITICAL
2021-03-16,Zone_C,Sugarcane,Harvesting,Summer,22.4,41.0,6.91,6.9559,0.0459,WARNING
2021-03-17,Zone_B,Rice,Flowering,Summer,29.82,43.7,7.69,7.6723,-0.0177,CRITICAL
2021-03-18,Zone_D,Sugarcane,Sowing,Summer,30.68,44.5,7.04,7.0011,-0.0389,CRITICAL
2021-03-19,Zone_C,Cotton,Sowing,Summer,30.27,36.1,6.46,6.4832,0.0232,WARNING
2021-03-20,Zone_B,Cotton,Flowering,Summer,29.45,36.5,6.58,6.651,0.071,WARNING
2021-03-21,Zone_C,Rice,Flowering,Summer,19.09,44.4,6.94,6.8656,-0.0744,WARNING
2021-03-22,Zone_B,Sugarcane,Vegetative,Summer,21.76,42.4,7.27,7.321,0.051,CRITICAL
2021-03-23,Zone_D,Sugarcane,Flowering,Summer,24.4,43.8,6.72,6.69,-0.03,WARNING
2021-03-24,Zone_A,Rice,Flowering,Summer,21.62,37.0,6.95,6.9239,-0.0261,WARNING
2021-03-25,Zone_C,Wheat,Flowering,Summer,30.1,40.9,7.16,7.1371,-0.0229,CRITICAL
2021-03-26,Zone_D,Wheat,Sowing,Summer,21.59,42.0,6.85,6.8573,0.0073,WARNING
2021-03-27,Zone_C,Cotton,Vegetative,Summer,17.76,41.8,8.01,7.9403,-0.0697,CRITICAL
2021-03-28,Zone_C,Cotton,Sowing,Summer,22.98,39.1,6.52,6.5487,0.0287,WARNING
2021-03-29,Zone_B,Wheat,Flowering,Summer,34.6,35.2,6.21,6.3222,0.1122,WARNING
2021-03-30,Zone_C,Wheat,Vegetative,Summer,19.52,40.8,7.2,7.3486,0.1486,CRITICAL
2021-03-31,Zone_B,Wheat,Flowering,Summer,27.24,37.5,7.61,7.608,-0.002,CRITICAL
2021-04-01,Zone_D,Rice,Sowing,Summer,23.66,39.5,7.86,7.8208,-0.0392,CRITICAL
2021-04-02,Zone_C,Rice,Sowing,Summer,16.42,44.6,6.44,6.5011,0.0611,WARNING
2021-04-03,Zone_D,Rice,Flowering,Summer,24.76,39.0,6.4,6.3821,-0.0179,WARNING
2021-04-04,Zone_A,Rice,Vegetative,Summer,29.04,43.4,7.85,7.8538,0.0038,CRITICAL
2021-04-05,Zone_D,Rice,Sowing,Summer,25.26,36.9,6.92,6.9163,-0.0037,WARNING
2021-04-06,Zone_C,Rice,Flowering,Summer,32.44,41.7,6.91,6.8706,-0.0394,WARNING
2021-04-07,Zone_A,Cotton,Harvesting,Summer,20.78,44.8,6.68,6.6682,-0.0118,WARNING
2021-04-08,Zone_B,Sugarcane,Flowering,Summer,16.72,36.0,7.65,7.6611,0.0111,CRITICAL
2021-04-09,Zone_A,Cotton,Flowering,Summer,33.73,35.1,7.31,7.2691,-0.0409,CRITICAL
2021-04-10,Zone_C,Sugarcane,Vegetative,Summer,22.56,39.3,6.31,6.2861,-0.0239,WARNING
2021-04-11,Zone_C,Cotton,Flowering,Summer,26.53,35.9,7.85,7.8018,-0.0482,CRITICAL
2021-04-12,Zone_D,Cotton,Harvesting,Summer,30.84,42.5,7.63,7.6418,0.0118,CRITICAL
2021-04-13,Zone_B,Rice,Flowering,Summer,21.49,44.1,6.45,6.4795,0.0295,WARNING
2021-04-14,Zone_C,Rice,Harvesting,Summer,29.32,39.3,6.65,6.6644,0.0144,WARNING
2021-04-15,Zone_C,Sugarcane,Sowing,Summer,17.71,37.6,7.13,7.1554,0.0254,CRITICAL
2021-04-16,Zone_B,Sugarcane,Flowering,Summer,20.83,39.3,7.81,7.7926,-0.0174,CRITICAL
2021-04-17,Zone_B,Rice,Vegetative,Summer,17.89,42.2,7.99,7.9481,-0.0419,CRITICAL
2021-04-18,Zone_D,Cotton,Flowering,Summer,31.22,35.1,6.97,7.1534,0.1834,CRITICAL
2021-04-19,Zone_A,Sugarcane,Harvesting,Summer,19.45,40.9,6.41,6.4308,0.0208,WARNING
2021-04-20,Zone_B,Wheat,Harvesting,Summer,29.35,41.1,7.29,7.2614,-0.0286,CRITICAL
2021-04-21,Zone_C,Wheat,Vegetative,Summer,33.87,41.4,6.73,6.5803,-0.1497,WARNING
2021-04-22,Zone_B,Wheat,Harvesting,Summer,25.56,37.4,6.02,6.0051,-0.0149,WARNING
2021-04-23,Zone_C,Sugarcane,Flowering,Summer,25.8,42.1,7.1,7.1495,0.0495,CRITICAL
2021-04-24,Zone_D,Rice,Harvesting,Summer,24.22,35.9,7.16,7.2269,0.0669,CRITICAL
2021-04-25,Zone_A,Rice,Flowering,Summer,21.52,37.0,6.6,6.6379,0.0379,WARNING
2021-04-26,Zone_D,Rice,Flowering,Summer,24.51,43.8,6.35,6.3864,0.0364,WARNING
2021-04-27,Zone_B,Sugarcane,Harvesting,Summer,27.06,42.4,6.45,6.4822,0.0322,WARNING
2021-04-28,Zone_C,Sugarcane,Vegetative,Summer,34.72,35.1,7.57,7.5321,-0.0379,CRITICAL
2021-04-29,Zone_B,Wheat,Sowing,Summer,33.76,37.5,6.27,6.2852,0.0152,WARNING
2021-04-30,Zone_B,Sugarcane,Vegetative,Summer,32.24,37.1,6.5,6.5222,0.0222,WARNING
2021-05-01,Zone_B,Wheat,Sowing,Summer,32.78,37.7,5.85,6.0028,0.1528,WARNING
2021-05-02,Zone_B,Wheat,Vegetative,Summer,24.36,37.5,7.37,7.3781,0.0081,CRITICAL
2021-05-03,Zone_A,Rice,Flowering,Summer,28.15,35.6,6.6,6.6351,0.0351,WARNING
2021-05-04,Zone_C,Sugarcane,Flowering,Summer,32.9,39.6,6.3,6.2946,-0.0054,WARNING
2021-05-05,Zone_B,Rice,Harvesting,Summer,22.86,42.3,7.37,7.3494,-0.0206,CRITICAL
2021-05-06,Zone_C,Rice,Sowing,Summer,34.24,41.1,7.1,7.1166,0.0166,CRITICAL
2021-05-07,Zone_A,Sugarcane,Sowing,Summer,23.32,41.7,7.77,7.7798,0.0098,CRITICAL
2021-05-08,Zone_C,Sugarcane,Harvesting,Summer,27.02,35.8,6.91,7.0138,0.1038,CRITICAL
2021-05-09,Zone_C,Cotton,Vegetative,Summer,29.2,44.5,7.71,7.6338,-0.0762,CRITICAL
2021-05-10,Zone_A,Wheat,Harvesting,Summer,34.01,43.4,6.36,6.3708,0.0108,WARNING
2021-05-11,Zone_B,Cotton,Vegetative,Summer,19.89,43.1,7.54,7.5302,-0.0098,CRITICAL
2021-05-12,Zone_C,Wheat,Harvesting,Summer,29.92,43.2,7.31,7.3065,-0.0035,CRITICAL
2021-05-13,Zone_D,Wheat,Sowing,Summer,25.42,44.3,7.04,6.9863,-0.0537,WARNING
2021-05-14,Zone_C,Wheat,Sowing,Summer,20.37,40.4,7.67,7.6418,-0.0282,CRITICAL
2021-05-15,Zone_B,Rice,Vegetative,Summer,30.53,37.0,6.6,6.6732,0.0732,WARNING
2021-05-16,Zone_D,Rice,Sowing,Summer,26.04,41.2,6.63,6.6021,-0.0279,WARNING
2021-05-17,Zone_B,Sugarcane,Sowing,Summer,28.22,42.4,6.42,6.4232,0.0032,WARNING
2021-05-18,Zone_C,Wheat,Sowing,Summer,21.46,42.4,6.78,6.841,0.061,WARNING
2021-05-19,Zone_A,Wheat,Sowing,Summer,24.63,40.2,6.7,6.7115,0.0115,WARNING
2021-05-20,Zone_B,Wheat,Flowering,Summer,27.35,35.7,7.22,7.3031,0.0831,CRITICAL
2021-05-21,Zone_B,Rice,Harvesting,Summer,23.1,38.7,5.78,5.8479,0.0679,WARNING
2021-05-22,Zone_A,Sugarcane,Harvesting,Summer,18.97,44.2,7.95,7.9073,-0.0427,CRITICAL
2021-05-23,Zone_C,Rice,Flowering,Summer,34.23,40.8,6.49,6.5034,0.0134,WARNING
2021-05-24,Zone_B,Cotton,Sowing,Summer,25.23,40.4,7.49,7.4773,-0.0127,CRITICAL
2021-05-25,Zone_C,Cotton,Harvesting,Summer,29.68,37.7,5.96,5.9042,-0.0558,WARNING
2021-05-26,Zone_C,Cotton,Harvesting,Summer,23.22,38.7,6.58,6.4696,-0.1104,WARNING
2021-05-27,Zone_C,Sugarcane,Harvesting,Summer,22.1,44.0,6.75,6.7316,-0.0184,WARNING
2021-05-28,Zone_A,Cotton,Vegetative,Summer,23.14,41.7,7.57,7.5795,0.0095,CRITICAL
2021-05-29,Zone_C,Sugarcane,Flowering,Summer,23.18,42.9,7.36,7.3411,-0.0189,CRITICAL
2021-05-30,Zone_C,Rice,Vegetative,Summer,25.88,39.5,6.72,6.722,0.002,WARNING
2021-05-31,Zone_D,Rice,Vegetative,Summer,25.87,41.3,6.42,6.4579,0.0379,WARNING
2021-06-01,Zone_D,Sugarcane,Flowering,Monsoon,62.21,27.0,5.02,5.0382,0.0182,WARNING
2021-06-02,Zone_D,Rice,Harvesting,Monsoon,63.41,34.1,6.88,6.7732,-0.1068,WARNING
2021-06-03,Zone_B,Rice,Vegetative,Monsoon,56.59,32.6,6.8,6.7357,-0.0643,WARNING
2021-06-04,Zone_B,Sugarcane,Harvesting,Monsoon,78.87,31.8,6.74,6.6961,-0.0439,WARNING
2021-06-05,Zone_D,Cotton,Vegetative,Monsoon,67.51,28.0,6.11,6.0727,-0.0373,WARNING
2021-06-06,Zone_A,Sugarcane,Harvesting,Monsoon,61.87,26.8,6.89,7.0024,0.1124,CRITICAL
2021-06-07,Zone_A,Wheat,Sowing,Monsoon,61.95,32.6,5.5,5.4948,-0.0052,WARNING
2021-06-08,Zone_D,Rice,Sowing,Monsoon,82.04,29.7,5.93,5.8983,-0.0317,WARNING
2021-06-09,Zone_B,Sugarcane,Sowing,Monsoon,80.02,27.3,7.22,7.2094,-0.0106,CRITICAL
2021-06-10,Zone_B,Rice,Flowering,Monsoon,71.61,31.2,6.18,6.2072,0.0272,WARNING
2021-06-11,Zone_A,Cotton,Sowing,Monsoon,73.48,25.4,7.49,7.3314,-0.1586,CRITICAL
2021-06-12,Zone_C,Rice,Vegetative,Monsoon,69.23,28.3,7.17,7.1893,0.0193,CRITICAL
2021-06-13,Zone_A,Sugarcane,Harvesting,Monsoon,66.75,29.7,5.92,5.975,0.055,WARNING
2021-06-14,Zone_C,Cotton,Harvesting,Monsoon,82.46,26.5,7.53,7.5436,0.0136,CRITICAL
2021-06-15,Zone_B,Cotton,Harvesting,Monsoon,58.77,34.8,6.16,6.1104,-0.0496,WARNING
2021-06-16,Zone_B,Cotton,Harvesting,Monsoon,67.55,27.1,5.28,5.2804,0.0004,WARNING
2021-06-17,Zone_D,Wheat,Vegetative,Monsoon,65.34,26.3,5.36,5.5696,0.2096,WARNING
2021-06-18,Zone_B,Sugarcane,Harvesting,Monsoon,69.94,27.0,8.34,7.8896,-0.4504,CRITICAL
2021-06-19,Zone_C,Sugarcane,Vegetative,Monsoon,68.73,32.7,7.78,7.7223,-0.0577,CRITICAL
2021-06-20,Zone_A,Cotton,Vegetative,Monsoon,70.57,29.3,6.68,6.588,-0.092,WARNING
2021-06-21,Zone_D,Rice,Harvesting,Monsoon,59.2,30.7,5.11,5.2357,0.1257,WARNING
2021-06-22,Zone_C,Cotton,Harvesting,Monsoon,70.39,25.2,6.13,6.0925,-0.0375,WARNING
2021-06-23,Zone_A,Wheat,Harvesting,Monsoon,62.27,25.3,6.32,6.3635,0.0435,WARNING
2021-06-24,Zone_A,Cotton,Vegetative,Monsoon,60.53,29.5,6.05,5.9613,-0.0887,WARNING
2021-06-25,Zone_A,Sugarcane,Flowering,Monsoon,56.95,33.2,6.73,6.6383,-0.0917,WARNING
2021-06-26,Zone_B,Cotton,Vegetative,Monsoon,77.88,33.9,6.15,6.12,-0.03,WARNING
2021-06-27,Zone_A,Rice,Flowering,Monsoon,67.82,25.9,7.78,7.747,-0.033,CRITICAL
2021-06-28,Zone_B,Sugarcane,Harvesting,Monsoon,73.8,30.4,6.19,6.1141,-0.0759,WARNING
2021-06-29,Zone_A,Rice,Vegetative,Monsoon,76.83,34.1,7.01,6.978,-0.032,WARNING
2021-06-30,Zone_A,Cotton,Harvesting,Monsoon,75.38,28.9,4.88,4.9846,0.1046,WARNING
2021-07-01,Zone_B,Sugarcane,Flowering,Monsoon,69.12,33.3,7.56,7.5306,-0.0294,CRITICAL
2021-07-02,Zone_B,Wheat,Flowering,Monsoon,66.64,26.3,6.16,6.1354,-0.0246,WARNING
2021-07-03,Zone_C,Sugarcane,Vegetative,Monsoon,66.28,34.4,5.32,5.3731,0.0531,WARNING
2021-07-04,Zone_A,Rice,Vegetative,Monsoon,74.2,32.5,8.38,8.1413,-0.2387,CRITICAL
2021-07-05,Zone_B,Sugarcane,Vegetative,Monsoon,69.84,34.4,5.56,5.5372,-0.0228,WARNING
2021-07-06,Zone_C,Wheat,Vegetative,Monsoon,80.47,31.8,5.85,5.9114,0.0614,WARNING
2021-07-07,Zone_C,Wheat,Sowing,Monsoon,81.24,28.6,7.95,7.9415,-0.0085,CRITICAL
2021-07-08,Zone_B,Wheat,Sowing,Monsoon,60.12,34.4,7.86,7.7534,-0.1066,CRITICAL
2021-07-09,Zone_A,Wheat,Harvesting,Monsoon,59.09,27.8,6.17,6.0942,-0.0758,WARNING
2021-07-10,Zone_C,Rice,Flowering,Monsoon,73.91,28.3,7.42,7.4094,-0.0106,CRITICAL
2021-07-11,Zone_A,Sugarcane,Flowering,Monsoon,64.04,32.0,6.34,6.4413,0.1013,WARNING
2021-07-12,Zone_A,Cotton,Harvesting,Monsoon,55.56,32.7,6.86,6.8679,0.0079,WARNING
2021-07-13,Zone_C,Wheat,Harvesting,Monsoon,81.66,34.3,6.17,6.1971,0.0271,WARNING
2021-07-14,Zone_B,Cotton,Harvesting,Monsoon,61.81,27.0,7.36,7.274,-0.086,CRITICAL
2021-07-15,Zone_A,Cotton,Sowing,Monsoon,82.88,33.0,6.27,6.2016,-0.0684,WARNING
2021-07-16,Zone_D,Sugarcane,Harvesting,Monsoon,76.52,32.4,5.86,5.8309,-0.0291,WARNING
2021-07-17,Zone_B,Cotton,Flowering,Monsoon,77.88,25.6,3.98,4.0842,0.1042,WARNING
2021-07-18,Zone_C,Cotton,Harvesting,Monsoon,61.04,28.9,6.03,5.9956,-0.0344,WARNING
2021-07-19,Zone_D,Rice,Vegetative,Monsoon,62.03,27.8,7.96,7.8567,-0.1033,CRITICAL
2021-07-20,Zone_A,Cotton,Flowering,Monsoon,70.64,28.0,5.2,5.2195,0.0195,WARNING
2021-07-21,Zone_B,Sugarcane,Flowering,Monsoon,60.16,34.8,8.27,8.1596,-0.1104,CRITICAL
2021-07-22,Zone_D,Cotton,Flowering,Monsoon,64.16,31.4,7.5,7.4728,-0.0272,CRITICAL
2021-07-23,Zone_B,Sugarcane,Sowing,Monsoon,64.64,32.2,7.08,7.0756,-0.0044,CRITICAL
2021-07-24,Zone_A,Wheat,Sowing,Monsoon,59.79,34.8,7.45,7.348,-0.102,CRITICAL
2021-07-25,Zone_B,Cotton,Flowering,Monsoon,61.16,28.8,5.09,5.106,0.016,WARNING
2021-07-26,Zone_D,Cotton,Vegetative,Monsoon,78.66,33.0,6.63,6.5886,-0.0414,WARNING
2021-07-27,Zone_B,Cotton,Flowering,Monsoon,60.02,29.3,6.85,6.858,0.008,WARNING
2021-07-28,Zone_C,Wheat,Sowing,Monsoon,55.85,33.7,7.56,7.4832,-0.0768,CRITICAL
2021-07-29,Zone_C,Rice,Vegetative,Monsoon,73.88,26.8,5.25,5.4205,0.1705,WARNING
2021-07-30,Zone_D,Cotton,Flowering,Monsoon,84.28,34.5,7.16,6.8672,-0.2928,WARNING
2021-07-31,Zone_B,Sugarcane,Sowing,Monsoon,64.94,27.2,6.84,6.8001,-0.0399,WARNING
2021-08-01,Zone_D,Rice,Vegetative,Monsoon,58.56,28.3,7.47,7.4871,0.0171,CRITICAL
2021-08-02,Zone_B,Rice,Harvesting,Monsoon,72.11,32.6,6.22,6.2038,-0.0162,WARNING
2021-08-03,Zone_A,Rice,Harvesting,Monsoon,82.19,28.9,5.45,5.4127,-0.0373,WARNING
2021-08-04,Zone_C,Cotton,Flowering,Monsoon,78.52,31.1,7.06,7.2057,0.1457,CRITICAL
2021-08-05,Zone_A,Wheat,Harvesting,Monsoon,73.68,29.4,8.11,8.1046,-0.0054,CRITICAL
2021-08-06,Zone_B,Wheat,Sowing,Monsoon,64.45,32.4,6.46,6.4041,-0.0559,WARNING
2021-08-07,Zone_A,Cotton,Vegetative,Monsoon,71.26,27.3,5.96,5.8643,-0.0957,WARNING
2021-08-08,Zone_D,Sugarcane,Flowering,Monsoon,57.74,25.6,7.23,7.1451,-0.0849,CRITICAL
2021-08-09,Zone_D,Sugarcane,Vegetative,Monsoon,75.37,28.0,4.55,4.7037,0.1537,WARNING
2021-08-10,Zone_B,Sugarcane,Vegetative,Monsoon,76.75,29.7,7.29,7.4094,0.1194,CRITICAL
2021-08-11,Zone_C,Cotton,Vegetative,Monsoon,83.95,26.7,6.81,6.847,0.037,WARNING
2021-08-12,Zone_D,Wheat,Sowing,Monsoon,62.81,28.5,5.27,5.3079,0.0379,WARNING
2021-08-13,Zone_C,Cotton,Flowering,Monsoon,55.55,29.0,7.16,7.1307,-0.0293,CRITICAL
2021-08-14,Zone_B,Wheat,Harvesting,Monsoon,71.37,25.6,5.33,5.3788,0.0488,WARNING
2021-08-15,Zone_C,Rice,Vegetative,Monsoon,76.2,30.8,7.35,7.3149,-0.0351,CRITICAL
2021-08-16,Zone_B,Cotton,Vegetative,Monsoon,78.71,33.8,6.96,7.1007,0.1407,CRITICAL
2021-08-17,Zone_A,Wheat,Vegetative,Monsoon,60.81,26.5,4.13,4.2736,0.1436,WARNING
2021-08-18,Zone_B,Rice,Sowing,Monsoon,62.85,31.0,7.01,7.0553,0.0453,CRITICAL
2021-08-19,Zone_A,Rice,Harvesting,Monsoon,70.38,31.6,5.49,5.5013,0.0113,WARNING
2021-08-20,Zone_B,Cotton,Vegetative,Monsoon,64.92,29.2,6.72,6.7748,0.0548,WARNING
2021-08-21,Zone_D,Wheat,Sowing,Monsoon,80.82,32.0,7.47,7.4117,-0.0583,CRITICAL
2021-08-22,Zone_D,Rice,Sowing,Monsoon,69.21,29.1,8.2,8.1805,-0.0195,CRITICAL
2021-08-23,Zone_C,Cotton,Vegetative,Monsoon,78.99,30.0,6.27,6.2479,-0.0221,WARNING
2021-08-24,Zone_B,Rice,Vegetative,Monsoon,72.42,25.1,5.93,6.2169,0.2869,WARNING
2021-08-25,Zone_B,Sugarcane,Sowing,Monsoon,78.19,31.9,5.55,5.556,0.006,WARNING
2021-08-26,Zone_B,Cotton,Sowing,Monsoon,64.98,31.6,6.61,6.563,-0.047,WARNING
2021-08-27,Zone_C,Rice,Vegetative,Monsoon,79.94,25.4,3.99,4.0357,0.0457,WARNING
2021-08-28,Zone_D,Cotton,Sowing,Monsoon,63.24,28.7,6.87,7.0499,0.1799,CRITICAL
2021-08-29,Zone_B,Cotton,Sowing,Monsoon,71.38,34.8,5.59,5.5529,-0.0371,WARNING
2021-08-30,Zone_C,Wheat,Vegetative,Monsoon,61.42,29.2,6.11,6.1027,-0.0073,WARNING
2021-08-31,Zone_B,Wheat,Vegetative,Monsoon,69.27,30.0,5.67,5.6768,0.0068,WARNING
2021-09-01,Zone_A,Rice,Flowering,Post-Monsoon,64.55,34.1,5.81,5.7629,-0.0471,WARNING
2021-09-02,Zone_B,Cotton,Harvesting,Post-Monsoon,63.0,32.2,5.79,5.9948,0.2048,WARNING
2021-09-03,Zone_A,Cotton,Vegetative,Post-Monsoon,84.01,30.8,6.16,6.1268,-0.0332,WARNING
2021-09-04,Zone_C,Sugarcane,Vegetative,Post-Monsoon,59.8,33.0,8.16,8.0942,-0.0658,CRITICAL
2021-09-05,Zone_C,Cotton,Vegetative,Post-Monsoon,78.62,33.6,7.74,7.6757,-0.0643,CRITICAL
2021-09-06,Zone_D,Wheat,Harvesting,Post-Monsoon,84.52,29.6,5.02,5.0555,0.0355,WARNING
2021-09-07,Zone_B,Cotton,Flowering,Post-Monsoon,55.6,29.8,6.69,6.6206,-0.0694,WARNING
2021-09-08,Zone_C,Wheat,Sowing,Post-Monsoon,75.97,28.9,5.62,5.6174,-0.0026,WARNING
2021-09-09,Zone_D,Sugarcane,Harvesting,Post-Monsoon,62.59,34.7,7.37,7.3016,-0.0684,CRITICAL
2021-09-10,Zone_B,Rice,Vegetative,Post-Monsoon,56.21,32.0,7.94,7.8937,-0.0463,CRITICAL
2021-09-11,Zone_C,Wheat,Vegetative,Post-Monsoon,67.09,25.8,7.92,7.8373,-0.0827,CRITICAL
2021-09-12,Zone_A,Rice,Flowering,Post-Monsoon,83.06,33.6,6.49,6.3078,-0.1822,WARNING
2021-09-13,Zone_C,Rice,Flowering,Post-Monsoon,55.35,29.8,6.64,6.628,-0.012,WARNING
2021-09-14,Zone_A,Rice,Flowering,Post-Monsoon,72.64,25.7,6.79,6.9846,0.1946,WARNING
2021-09-15,Zone_D,Rice,Sowing,Post-Monsoon,70.04,30.5,6.4,6.4291,0.0291,WARNING
2021-09-16,Zone_D,Wheat,Harvesting,Post-Monsoon,81.2,29.2,7.27,7.3154,0.0454,CRITICAL
2021-09-17,Zone_B,Sugarcane,Harvesting,Post-Monsoon,57.52,33.8,6.98,6.9421,-0.0379,WARNING
2021-09-18,Zone_B,Cotton,Flowering,Post-Monsoon,75.45,27.0,7.44,7.2947,-0.1453,CRITICAL
2021-09-19,Zone_B,Wheat,Sowing,Post-Monsoon,75.4,33.3,5.68,5.9538,0.2738,WARNING
2021-09-20,Zone_D,Sugarcane,Harvesting,Post-Monsoon,75.07,30.6,7.55,7.5331,-0.0169,CRITICAL
2021-09-21,Zone_A,Cotton,Vegetative,Post-Monsoon,83.27,25.5,5.49,5.6792,0.1892,WARNING
2021-09-22,Zone_B,Rice,Vegetative,Post-Monsoon,79.69,34.7,7.83,7.7518,-0.0782,CRITICAL
2021-09-23,Zone_B,Cotton,Vegetative,Post-Monsoon,56.26,30.1,7.79,7.6338,-0.1562,CRITICAL
2021-09-24,Zone_D,Cotton,Harvesting,Post-Monsoon,69.13,27.9,5.95,6.0985,0.1485,WARNING
2021-09-25,Zone_A,Sugarcane,Flowering,Post-Monsoon,66.94,29.7,7.08,7.0597,-0.0203,CRITICAL
2021-09-26,Zone_C,Cotton,Vegetative,Post-Monsoon,64.3,33.6,6.87,6.8664,-0.0036,WARNING
2021-09-27,Zone_B,Rice,Flowering,Post-Monsoon,68.54,28.0,6.8,6.8154,0.0154,WARNING
2021-09-28,Zone_C,Wheat,Sowing,Post-Monsoon,66.53,26.9,5.73,5.7106,-0.0194,WARNING
2021-09-29,Zone_C,Wheat,Vegetative,Post-Monsoon,67.97,26.3,4.32,4.3872,0.0672,WARNING
2021-09-30,Zone_B,Sugarcane,Sowing,Post-Monsoon,84.38,28.0,5.99,5.9989,0.0089,WARNING
2021-10-01,Zone_D,Rice,Flowering,Post-Monsoon,38.41,32.8,6.99,6.9889,-0.0011,WARNING
2021-10-02,Zone_B,Rice,Harvesting,Post-Monsoon,39.16,29.7,6.53,6.5848,0.0548,WARNING
2021-10-03,Zone_A,Cotton,Flowering,Post-Monsoon,44.0,27.3,6.12,6.3827,0.2627,WARNING
2021-10-04,Zone_A,Sugarcane,Vegetative,Post-Monsoon,43.45,26.7,6.39,6.4663,0.0763,WARNING
2021-10-05,Zone_B,Rice,Vegetative,Post-Monsoon,53.13,28.3,7.02,7.1062,0.0862,CRITICAL
2021-10-06,Zone_C,Rice,Flowering,Post-Monsoon,59.5,34.4,7.5,7.5185,0.0185,CRITICAL
2021-10-07,Zone_A,Rice,Vegetative,Post-Monsoon,57.84,28.4,8.24,8.0847,-0.1553,CRITICAL
2021-10-08,Zone_A,Wheat,Vegetative,Post-Monsoon,42.87,34.9,7.93,7.8358,-0.0942,CRITICAL
2021-10-09,Zone_B,Wheat,Sowing,Post-Monsoon,42.36,29.9,6.27,6.4577,0.1877,WARNING
2021-10-10,Zone_B,Wheat,Harvesting,Post-Monsoon,63.97,26.8,5.98,6.0707,0.0907,WARNING
2021-10-11,Zone_D,Cotton,Flowering,Post-Monsoon,35.25,33.9,8.03,7.9335,-0.0965,CRITICAL
2021-10-12,Zone_B,Cotton,Sowing,Post-Monsoon,61.39,29.6,7.16,7.1668,0.0068,CRITICAL
2021-10-13,Zone_B,Cotton,Vegetative,Post-Monsoon,40.99,32.1,6.82,6.9242,0.1042,WARNING
2021-10-14,Zone_A,Rice,Sowing,Post-Monsoon,63.42,34.8,7.13,7.2041,0.0741,CRITICAL
2021-10-15,Zone_A,Wheat,Harvesting,Post-Monsoon,45.27,25.5,7.83,7.6328,-0.1972,CRITICAL
2021-10-16,Zone_A,Rice,Flowering,Post-Monsoon,48.21,26.0,7.59,7.4535,-0.1365,CRITICAL
2021-10-17,Zone_C,Rice,Harvesting,Post-Monsoon,56.21,32.2,7.45,7.3172,-0.1328,CRITICAL
2021-10-18,Zone_A,Sugarcane,Harvesting,Post-Monsoon,52.63,27.8,5.8,5.921,0.121,WARNING
2021-10-19,Zone_A,Rice,Sowing,Post-Monsoon,44.54,26.8,6.45,6.4505,0.0005,WARNING
2021-10-20,Zone_B,Cotton,Sowing,Post-Monsoon,51.61,25.4,7.77,7.414,-0.356,CRITICAL
2021-10-21,Zone_D,Wheat,Harvesting,Post-Monsoon,56.92,25.2,7.14,7.0574,-0.0826,CRITICAL
2021-10-22,Zone_A,Wheat,Vegetative,Post-Monsoon,36.27,32.7,7.23,7.2643,0.0343,CRITICAL
2021-10-23,Zone_D,Rice,Flowering,Post-Monsoon,35.34,26.3,6.45,6.4102,-0.0398,WARNING
2021-10-24,Zone_A,Cotton,Vegetative,Post-Monsoon,48.74,29.7,7.08,7.09,0.01,CRITICAL
2021-10-25,Zone_A,Cotton,Vegetative,Post-Monsoon,38.96,31.1,7.23,7.2447,0.0147,CRITICAL
2021-10-26,Zone_D,Cotton,Flowering,Post-Monsoon,54.93,29.3,8.25,7.9315,-0.3185,CRITICAL
2021-10-27,Zone_B,Wheat,Sowing,Post-Monsoon,41.42,25.3,6.0,5.8453,-0.1547,WARNING
2021-10-28,Zone_A,Cotton,Vegetative,Post-Monsoon,47.99,32.8,6.49,6.643,0.153,WARNING
2021-10-29,Zone_D,Cotton,Sowing,Post-Monsoon,40.93,25.1,6.99,6.9393,-0.0507,WARNING
2021-10-30,Zone_A,Rice,Flowering,Post-Monsoon,51.45,32.6,6.85,6.9071,0.0571,WARNING
2021-10-31,Zone_C,Sugarcane,Vegetative,Post-Monsoon,38.48,33.9,7.99,7.9252,-0.0648,CRITICAL
2021-11-01,Zone_C,Cotton,Sowing,Post-Monsoon,35.69,29.3,7.48,7.4101,-0.0699,CRITICAL
2021-11-02,Zone_C,Rice,Sowing,Post-Monsoon,36.53,30.4,7.74,7.7374,-0.0026,CRITICAL
2021-11-03,Zone_C,Rice,Vegetative,Post-Monsoon,63.63,29.8,7.98,7.9355,-0.0445,CRITICAL
2021-11-04,Zone_B,Cotton,Flowering,Post-Monsoon,39.27,28.9,7.12,7.2554,0.1354,CRITICAL
2021-11-05,Zone_C,Sugarcane,Harvesting,Post-Monsoon,56.25,33.9,7.79,7.7758,-0.0142,CRITICAL
2021-11-06,Zone_D,Wheat,Sowing,Post-Monsoon,37.04,33.9,7.45,7.363,-0.087,CRITICAL
2021-11-07,Zone_A,Sugarcane,Flowering,Post-Monsoon,38.24,28.4,6.89,6.9948,0.1048,WARNING
2021-11-08,Zone_D,Cotton,Vegetative,Post-Monsoon,50.27,31.2,7.24,7.2939,0.0539,CRITICAL
2021-11-09,Zone_C,Sugarcane,Sowing,Post-Monsoon,48.95,34.3,8.2,7.9322,-0.2678,CRITICAL
2021-11-10,Zone_B,Rice,Sowing,Post-Monsoon,63.55,34.6,7.09,7.1424,0.0524,CRITICAL
2021-11-11,Zone_C,Rice,Sowing,Post-Monsoon,63.35,30.1,6.85,7.189,0.339,CRITICAL
2021-11-12,Zone_C,Sugarcane,Flowering,Post-Monsoon,58.39,29.5,7.74,7.7166,-0.0234,CRITICAL
2021-11-13,Zone_B,Wheat,Sowing,Post-Monsoon,53.06,27.8,6.23,6.3335,0.1035,WARNING
2021-11-14,Zone_B,Sugarcane,Sowing,Post-Monsoon,48.65,34.6,7.05,7.1318,0.0818,CRITICAL
2021-11-15,Zone_B,Cotton,Vegetative,Post-Monsoon,45.69,26.4,6.04,6.2614,0.2214,WARNING
2021-11-16,Zone_B,Wheat,Sowing,Post-Monsoon,63.41,30.8,7.16,7.0339,-0.1261,CRITICAL
2021-11-17,Zone_B,Sugarcane,Flowering,Post-Monsoon,53.09,27.8,7.15,7.1675,0.0175,CRITICAL
2021-11-18,Zone_B,Sugarcane,Vegetative,Post-Monsoon,52.37,27.8,6.15,6.3752,0.2252,WARNING
2021-11-19,Zone_A,Wheat,Harvesting,Post-Monsoon,41.96,29.0,7.44,7.4155,-0.0245,CRITICAL
2021-11-20,Zone_C,Sugarcane,Vegetative,Post-Monsoon,36.4,35.0,7.7,7.6838,-0.0162,CRITICAL
2021-11-21,Zone_C,Cotton,Sowing,Post-Monsoon,63.36,25.5,7.24,7.1421,-0.0979,CRITICAL
2021-11-22,Zone_B,Rice,Harvesting,Post-Monsoon,44.41,30.8,6.17,6.3414,0.1714,WARNING
2021-11-23,Zone_D,Cotton,Vegetative,Post-Monsoon,48.28,25.8,7.07,7.1146,0.0446,CRITICAL
2021-11-24,Zone_B,Sugarcane,Sowing,Post-Monsoon,38.44,26.5,6.29,6.2911,0.0011,WARNING
2021-11-25,Zone_A,Rice,Vegetative,Post-Monsoon,60.11,29.4,6.13,6.242,0.112,WARNING
2021-11-26,Zone_D,Wheat,Flowering,Post-Monsoon,35.83,30.1,7.49,7.437,-0.053,CRITICAL
2021-11-27,Zone_A,Cotton,Sowing,Post-Monsoon,60.02,27.6,6.48,6.5086,0.0286,WARNING
2021-11-28,Zone_D,Wheat,Flowering,Post-Monsoon,39.21,28.2,7.0,7.0087,0.0087,CRITICAL
2021-11-29,Zone_D,Rice,Sowing,Post-Monsoon,61.6,25.9,5.77,6.1973,0.4273,WARNING
2021-11-30,Zone_B,Sugarcane,Flowering,Post-Monsoon,56.89,28.0,6.77,6.8184,0.0484,WARNING
2021-12-01,Zone_A,Rice,Harvesting,Winter,39.94,14.6,3.75,3.7248,-0.0252,NORMAL
2021-12-02,Zone_D,Rice,Flowering,Winter,51.97,10.7,3.15,3.3194,0.1694,NORMAL
2021-12-03,Zone_A,Wheat,Vegetative,Winter,44.38,17.2,3.72,3.7535,0.0335,NORMAL
2021-12-04,Zone_B,Cotton,Sowing,Winter,40.35,20.8,6.13,6.1238,-0.0062,WARNING
2021-12-05,Zone_B,Rice,Vegetative,Winter,60.78,14.6,4.98,4.9001,-0.0799,WARNING
2021-12-06,Zone_B,Sugarcane,Flowering,Winter,47.11,12.6,2.35,2.2898,-0.0602,NORMAL
2021-12-07,Zone_B,Rice,Sowing,Winter,46.96,15.3,2.83,2.9142,0.0842,NORMAL
2021-12-08,Zone_C,Wheat,Flowering,Winter,40.1,10.6,2.84,2.7595,-0.0805,NORMAL
2021-12-09,Zone_D,Cotton,Harvesting,Winter,46.49,19.8,7.02,7.0266,0.0066,CRITICAL
2021-12-10,Zone_C,Sugarcane,Harvesting,Winter,61.15,19.9,6.03,6.0552,0.0252,WARNING
2021-12-11,Zone_B,Wheat,Harvesting,Winter,45.89,17.1,3.05,3.3516,0.3016,NORMAL
2021-12-12,Zone_D,Rice,Flowering,Winter,63.55,14.2,2.58,2.7379,0.1579,NORMAL
2021-12-13,Zone_D,Rice,Flowering,Winter,63.39,19.6,4.37,4.4231,0.0531,WARNING
2021-12-14,Zone_A,Cotton,Harvesting,Winter,39.35,16.7,6.63,6.4939,-0.1361,WARNING
2021-12-15,Zone_B,Wheat,Flowering,Winter,40.32,19.9,5.55,5.6633,0.1133,WARNING
2021-12-16,Zone_C,Wheat,Vegetative,Winter,60.88,17.6,5.35,5.2801,-0.0699,WARNING
2021-12-17,Zone_A,Cotton,Flowering,Winter,46.78,19.4,4.31,4.3966,0.0866,WARNING
2021-12-18,Zone_D,Sugarcane,Vegetative,Winter,35.13,17.2,5.84,5.9,0.06,WARNING
2021-12-19,Zone_C,Wheat,Harvesting,Winter,43.22,15.0,2.79,2.7913,0.0013,NORMAL
2021-12-20,Zone_B,Cotton,Flowering,Winter,52.93,21.5,5.34,5.4183,0.0783,WARNING
2021-12-21,Zone_C,Wheat,Harvesting,Winter,58.98,16.5,5.38,5.4178,0.0378,WARNING
2021-12-22,Zone_C,Cotton,Sowing,Winter,39.0,17.3,6.18,5.8731,-0.3069,WARNING
2021-12-23,Zone_C,Rice,Flowering,Winter,38.32,12.6,3.8,3.9882,0.1882,NORMAL
2021-12-24,Zone_A,Rice,Flowering,Winter,62.66,17.5,5.6,5.5043,-0.0957,WARNING
2021-12-25,Zone_D,Wheat,Harvesting,Winter,57.53,16.9,6.44,6.2457,-0.1943,WARNING
2021-12-26,Zone_C,Wheat,Harvesting,Winter,52.69,12.2,5.57,5.3698,-0.2002,WARNING
2021-12-27,Zone_D,Rice,Harvesting,Winter,58.08,10.7,2.32,2.0412,-0.2788,NORMAL
2021-12-28,Zone_A,Sugarcane,Sowing,Winter,47.87,17.3,6.41,6.191,-0.219,WARNING
2021-12-29,Zone_B,Cotton,Sowing,Winter,57.75,19.2,6.59,6.6258,0.0358,WARNING
2021-12-30,Zone_B,Sugarcane,Harvesting,Winter,46.15,16.3,5.07,5.0481,-0.0219,WARNING
2021-12-31,Zone_C,Sugarcane,Flowering,Winter,42.32,12.7,3.0,2.9676,-0.0324,NORMAL
2022-01-01,Zone_A,Sugarcane,Flowering,Winter,56.87,18.0,5.07,4.9681,-0.1019,WARNING
2022-01-02,Zone_B,Rice,Harvesting,Winter,47.59,11.0,3.95,3.9959,0.0459,NORMAL
2022-01-03,Zone_A,Wheat,Vegetative,Winter,64.44,15.3,3.47,3.4575,-0.0125,NORMAL
2022-01-04,Zone_A,Sugarcane,Sowing,Winter,45.48,12.0,3.2,3.0606,-0.1394,NORMAL
2022-01-05,Zone_C,Rice,Sowing,Winter,62.65,12.2,4.57,4.5748,0.0048,WARNING
2022-01-06,Zone_C,Cotton,Vegetative,Winter,62.99,12.4,4.66,4.6705,0.0105,WARNING
2022-01-07,Zone_A,Wheat,Harvesting,Winter,42.26,14.6,3.96,4.3275,0.3675,WARNING
2022-01-08,Zone_A,Cotton,Flowering,Winter,58.95,10.6,2.59,2.8738,0.2838,NORMAL
2022-01-09,Zone_C,Sugarcane,Flowering,Winter,47.99,14.8,3.54,3.4336,-0.1064,NORMAL
2022-01-10,Zone_A,Wheat,Sowing,Winter,62.53,16.1,4.33,4.3507,0.0207,WARNING
2022-01-11,Zone_C,Sugarcane,Vegetative,Winter,48.5,15.8,5.48,5.3784,-0.1016,WARNING
2022-01-12,Zone_D,Wheat,Flowering,Winter,57.33,14.6,5.89,5.7016,-0.1884,WARNING
2022-01-13,Zone_A,Sugarcane,Sowing,Winter,49.01,20.1,6.12,6.0967,-0.0233,WARNING
2022-01-14,Zone_C,Cotton,Flowering,Winter,41.83,11.7,2.62,2.5928,-0.0272,NORMAL
2022-01-15,Zone_A,Cotton,Flowering,Winter,40.98,16.1,4.34,4.4919,0.1519,WARNING
2022-01-16,Zone_C,Sugarcane,Flowering,Winter,47.76,10.7,1.93,2.1456,0.2156,NORMAL
2022-01-17,Zone_A,Wheat,Sowing,Winter,57.66,10.9,3.36,3.6388,0.2788,NORMAL
2022-01-18,Zone_B,Cotton,Vegetative,Winter,53.15,16.9,3.71,4.0791,0.3691,WARNING
2022-01-19,Zone_B,Wheat,Harvesting,Winter,55.66,16.8,3.74,3.7834,0.0434,NORMAL
2022-01-20,Zone_A,Wheat,Vegetative,Winter,43.47,20.5,6.72,6.7124,-0.0076,WARNING
2022-01-21,Zone_B,Cotton,Flowering,Winter,49.44,16.7,4.91,4.8473,-0.0627,WARNING
2022-01-22,Zone_A,Rice,Vegetative,Winter,36.33,21.5,4.96,4.9276,-0.0324,WARNING
2022-01-23,Zone_A,Rice,Flowering,Winter,59.53,10.6,3.02,3.2135,0.1935,NORMAL
2022-01-24,Zone_D,Wheat,Sowing,Winter,64.7,11.2,1.7,1.9628,0.2628,NORMAL
2022-01-25,Zone_D,Cotton,Sowing,Winter,47.21,10.5,3.76,4.1009,0.3409,WARNING
2022-01-26,Zone_B,Rice,Sowing,Winter,35.33,12.2,2.72,2.7207,0.0007,NORMAL
2022-01-27,Zone_D,Sugarcane,Flowering,Winter,40.09,16.5,6.79,6.5418,-0.2482,WARNING
2022-01-28,Zone_D,Wheat,Vegetative,Winter,54.58,17.7,3.67,3.8861,0.2161,NORMAL
2022-01-29,Zone_A,Rice,Harvesting,Winter,53.36,10.5,2.14,2.3217,0.1817,NORMAL
2022-01-30,Zone_C,Cotton,Harvesting,Winter,58.64,21.4,4.71,4.7395,0.0295,WARNING
2022-01-31,Zone_A,Cotton,Sowing,Winter,42.62,20.1,5.34,5.2715,-0.0685,WARNING
2022-02-01,Zone_D,Wheat,Harvesting,Winter,57.91,13.6,4.32,3.9693,-0.3507,NORMAL
2022-02-02,Zone_A,Cotton,Flowering,Winter,55.64,10.9,3.54,3.571,0.031,NORMAL
2022-02-03,Zone_B,Sugarcane,Vegetative,Winter,44.68,12.0,1.45,1.5041,0.0541,NORMAL
2022-02-04,Zone_C,Sugarcane,Harvesting,Winter,51.36,11.5,0.08,0.3659,0.2859,NORMAL
2022-02-05,Zone_D,Rice,Harvesting,Winter,39.42,11.5,2.92,2.9712,0.0512,NORMAL
2022-02-06,Zone_D,Cotton,Vegetative,Winter,48.58,16.2,3.94,3.9211,-0.0189,NORMAL
2022-02-07,Zone_A,Sugarcane,Harvesting,Winter,61.44,13.0,3.19,3.0572,-0.1328,NORMAL
2022-02-08,Zone_A,Wheat,Vegetative,Winter,47.64,14.3,4.43,4.1827,-0.2473,WARNING
2022-02-09,Zone_A,Cotton,Flowering,Winter,60.19,21.9,5.94,6.0618,0.1218,WARNING
2022-02-10,Zone_A,Rice,Flowering,Winter,52.71,18.2,5.9,5.9667,0.0667,WARNING
2022-02-11,Zone_D,Wheat,Flowering,Winter,40.76,21.4,7.34,7.2545,-0.0855,CRITICAL
2022-02-12,Zone_A,Wheat,Sowing,Winter,52.43,11.7,4.79,4.4101,-0.3799,WARNING
2022-02-13,Zone_D,Wheat,Flowering,Winter,50.18,14.6,3.49,3.8383,0.3483,NORMAL
2022-02-14,Zone_A,Sugarcane,Harvesting,Winter,46.96,16.7,5.34,5.4019,0.0619,WARNING
2022-02-15,Zone_C,Wheat,Sowing,Winter,38.59,10.9,2.39,2.7221,0.3321,NORMAL
2022-02-16,Zone_C,Sugarcane,Sowing,Winter,47.5,10.1,0.69,1.0985,0.4085,NORMAL
2022-02-17,Zone_A,Wheat,Sowing,Winter,37.18,18.0,5.74,5.7931,0.0531,WARNING
2022-02-18,Zone_A,Sugarcane,Flowering,Winter,37.96,17.7,5.92,5.8905,-0.0295,WARNING
2022-02-19,Zone_B,Cotton,Sowing,Winter,47.48,14.9,5.7,5.4333,-0.2667,WARNING
2022-02-20,Zone_C,Sugarcane,Flowering,Winter,44.16,15.9,5.51,5.5897,0.0797,WARNING
2022-02-21,Zone_D,Sugarcane,Flowering,Winter,62.77,15.0,3.67,3.5199,-0.1501,NORMAL
2022-02-22,Zone_C,Cotton,Sowing,Winter,46.27,10.3,2.96,2.9196,-0.0404,NORMAL
2022-02-23,Zone_D,Wheat,Sowing,Winter,57.74,14.0,4.06,3.8411,-0.2189,NORMAL
2022-02-24,Zone_A,Cotton,Harvesting,Winter,50.91,12.1,4.81,4.8452,0.0352,WARNING
2022-02-25,Zone_C,Wheat,Sowing,Winter,56.12,11.2,3.38,3.1582,-0.2218,NORMAL
2022-02-26,Zone_C,Sugarcane,Flowering,Winter,42.8,21.5,7.18,7.0981,-0.0819,CRITICAL
2022-02-27,Zone_B,Wheat,Harvesting,Winter,63.26,17.2,5.57,5.5639,-0.0061,WARNING
2022-02-28,Zone_B,Sugarcane,Harvesting,Winter,50.9,18.7,6.83,6.7172,-0.1128,WARNING
2022-03-01,Zone_C,Wheat,Flowering,Summer,33.98,43.4,7.36,7.3314,-0.0286,CRITICAL
2022-03-02,Zone_C,Sugarcane,Sowing,Summer,30.54,41.2,7.28,7.2025,-0.0775,CRITICAL
2022-03-03,Zone_C,Sugarcane,Sowing,Summer,20.71,40.6,7.78,7.7722,-0.0078,CRITICAL
2022-03-04,Zone_D,Rice,Vegetative,Summer,31.88,41.2,7.23,7.27,0.04,CRITICAL
2022-03-05,Zone_A,Wheat,Sowing,Summer,23.65,43.6,6.95,6.9479,-0.0021,WARNING
2022-03-06,Zone_B,Wheat,Vegetative,Summer,31.57,40.9,6.79,6.7875,-0.0025,WARNING
2022-03-07,Zone_A,Rice,Harvesting,Summer,31.46,40.8,7.56,7.541,-0.019,CRITICAL
2022-03-08,Zone_B,Sugarcane,Harvesting,Summer,18.78,44.9,7.28,7.2702,-0.0098,CRITICAL
2022-03-09,Zone_B,Sugarcane,Harvesting,Summer,29.02,42.6,7.61,7.5842,-0.0258,CRITICAL
2022-03-10,Zone_B,Rice,Vegetative,Summer,20.81,39.4,7.63,7.6214,-0.0086,CRITICAL
2022-03-11,Zone_C,Rice,Flowering,Summer,20.95,42.1,8.12,8.0292,-0.0908,CRITICAL
2022-03-12,Zone_B,Cotton,Flowering,Summer,20.93,38.9,5.99,6.0407,0.0507,WARNING
2022-03-13,Zone_A,Sugarcane,Harvesting,Summer,29.51,37.3,7.5,7.4506,-0.0494,CRITICAL
2022-03-14,Zone_B,Cotton,Vegetative,Summer,19.6,41.0,7.42,7.4452,0.0252,CRITICAL
2022-03-15,Zone_A,Wheat,Vegetative,Summer,15.02,44.3,7.56,7.5481,-0.0119,CRITICAL
2022-03-16,Zone_B,Cotton,Harvesting,Summer,29.3,44.3,8.0,7.8746,-0.1254,CRITICAL
2022-03-17,Zone_B,Rice,Sowing,Summer,18.42,38.4,6.67,6.6386,-0.0314,WARNING
2022-03-18,Zone_C,Rice,Harvesting,Summer,17.09,40.3,7.61,7.6212,0.0112,CRITICAL
2022-03-19,Zone_A,Rice,Vegetative,Summer,19.75,37.1,7.49,7.4761,-0.0139,CRITICAL
2022-03-20,Zone_B,Rice,Sowing,Summer,22.6,45.0,7.09,7.0291,-0.0609,CRITICAL
2022-03-21,Zone_B,Cotton,Flowering,Summer,24.52,44.8,7.43,7.4102,-0.0198,CRITICAL
2022-03-22,Zone_A,Cotton,Sowing,Summer,15.89,41.5,6.51,6.526,0.016,WARNING
2022-03-23,Zone_B,Cotton,Flowering,Summer,34.41,43.0,6.93,6.9318,0.0018,WARNING
2022-03-24,Zone_D,Rice,Vegetative,Summer,29.32,42.2,7.46,7.4714,0.0114,CRITICAL
2022-03-25,Zone_C,Rice,Harvesting,Summer,21.46,40.9,6.77,6.778,0.008,WARNING
2022-03-26,Zone_A,Sugarcane,Harvesting,Summer,21.37,35.5,7.59,7.5793,-0.0107,CRITICAL
2022-03-27,Zone_C,Sugarcane,Harvesting,Summer,23.97,39.5,6.78,6.7769,-0.0031,WARNING
2022-03-28,Zone_D,Rice,Harvesting,Summer,27.52,41.7,7.14,7.1846,0.0446,CRITICAL
2022-03-29,Zone_D,Sugarcane,Harvesting,Summer,17.93,41.8,7.52,7.5214,0.0014,CRITICAL
2022-03-30,Zone_D,Wheat,Vegetative,Summer,18.78,38.7,6.55,6.5432,-0.0068,WARNING
2022-03-31,Zone_A,Wheat,Vegetative,Summer,32.19,44.4,6.7,6.6384,-0.0616,WARNING
2022-04-01,Zone_D,Rice,Harvesting,Summer,20.13,36.7,5.63,5.6761,0.0461,WARNING
2022-04-02,Zone_A,Cotton,Sowing,Summer,22.6,40.0,6.88,6.8744,-0.0056,WARNING
2022-04-03,Zone_A,Wheat,Harvesting,Summer,32.43,41.9,7.24,7.2353,-0.0047,CRITICAL
2022-04-04,Zone_B,Wheat,Flowering,Summer,28.26,42.0,7.75,7.6935,-0.0565,CRITICAL
2022-04-05,Zone_A,Cotton,Flowering,Summer,21.83,41.5,7.64,7.6075,-0.0325,CRITICAL
2022-04-06,Zone_D,Sugarcane,Flowering,Summer,28.67,37.8,6.99,6.9217,-0.0683,WARNING
2022-04-07,Zone_A,Cotton,Flowering,Summer,15.39,36.6,6.92,6.9359,0.0159,WARNING
2022-04-08,Zone_A,Sugarcane,Harvesting,Summer,29.71,41.4,6.17,6.3434,0.1734,WARNING
2022-04-09,Zone_C,Sugarcane,Flowering,Summer,24.74,41.0,7.2,7.1957,-0.0043,CRITICAL
2022-04-10,Zone_D,Cotton,Sowing,Summer,31.26,36.8,6.83,6.8553,0.0253,WARNING
2022-04-11,Zone_A,Sugarcane,Harvesting,Summer,34.09,42.1,7.33,7.2955,-0.0345,CRITICAL
2022-04-12,Zone_B,Wheat,Flowering,Summer,33.52,39.6,6.32,6.3142,-0.0058,WARNING
2022-04-13,Zone_A,Rice,Harvesting,Summer,33.19,41.7,6.7,6.7504,0.0504,WARNING
2022-04-14,Zone_A,Sugarcane,Harvesting,Summer,25.24,43.4,7.07,7.033,-0.037,CRITICAL
2022-04-15,Zone_C,Wheat,Harvesting,Summer,22.2,36.7,6.83,6.8672,0.0372,WARNING
2022-04-16,Zone_D,Cotton,Vegetative,Summer,24.3,35.2,6.09,6.1567,0.0667,WARNING
2022-04-17,Zone_D,Sugarcane,Flowering,Summer,28.8,42.8,7.85,7.8018,-0.0482,CRITICAL
2022-04-18,Zone_B,Wheat,Vegetative,Summer,32.68,41.1,6.44,6.4545,0.0145,WARNING
2022-04-19,Zone_B,Sugarcane,Sowing,Summer,19.14,42.0,6.97,6.9655,-0.0045,WARNING
2022-04-20,Zone_B,Cotton,Sowing,Summer,33.36,43.4,7.34,7.3518,0.0118,CRITICAL
2022-04-21,Zone_A,Rice,Vegetative,Summer,31.3,43.0,7.0,7.031,0.031,CRITICAL
2022-04-22,Zone_A,Sugarcane,Flowering,Summer,34.58,44.6,7.12,7.047,-0.073,CRITICAL
2022-04-23,Zone_B,Rice,Harvesting,Summer,32.61,40.4,7.91,7.8831,-0.0269,CRITICAL
2022-04-24,Zone_D,Sugarcane,Sowing,Summer,20.6,39.9,6.04,6.0897,0.0497,WARNING
2022-04-25,Zone_D,Sugarcane,Sowing,Summer,17.12,39.0,6.94,6.9916,0.0516,WARNING
2022-04-26,Zone_B,Cotton,Sowing,Summer,17.24,36.5,6.91,6.914,0.004,WARNING
2022-04-27,Zone_C,Sugarcane,Flowering,Summer,20.82,40.7,7.62,7.6356,0.0156,CRITICAL
2022-04-28,Zone_D,Wheat,Vegetative,Summer,27.28,37.8,6.87,6.8722,0.0022,WARNING
2022-04-29,Zone_D,Wheat,Vegetative,Summer,31.09,44.2,7.19,7.1379,-0.0521,CRITICAL
2022-04-30,Zone_B,Rice,Flowering,Summer,32.99,40.8,7.12,7.1494,0.0294,CRITICAL
2022-05-01,Zone_D,Rice,Sowing,Summer,27.48,40.9,6.53,6.5689,0.0389,WARNING
2022-05-02,Zone_A,Wheat,Flowering,Summer,15.11,38.5,7.11,7.1285,0.0185,CRITICAL
2022-05-03,Zone_A,Rice,Flowering,Summer,18.73,35.5,5.71,5.7092,-0.0008,WARNING
2022-05-04,Zone_D,Rice,Vegetative,Summer,16.99,35.3,6.13,6.2501,0.1201,WARNING
2022-05-05,Zone_A,Wheat,Flowering,Summer,22.27,39.2,6.13,6.222,0.092,WARNING
2022-05-06,Zone_C,Wheat,Flowering,Summer,25.03,35.8,7.48,7.5267,0.0467,CRITICAL
2022-05-07,Zone_D,Wheat,Sowing,Summer,15.87,41.1,7.2,7.2041,0.0041,CRITICAL
2022-05-08,Zone_B,Cotton,Harvesting,Summer,21.97,43.8,7.54,7.4916,-0.0484,CRITICAL
2022-05-09,Zone_A,Cotton,Sowing,Summer,18.58,43.8,7.14,7.0043,-0.1357,CRITICAL
2022-05-10,Zone_C,Wheat,Vegetative,Summer,27.94,41.6,6.42,6.4424,0.0224,WARNING
2022-05-11,Zone_C,Sugarcane,Harvesting,Summer,24.29,37.1,7.63,7.6184,-0.0116,CRITICAL
2022-05-12,Zone_A,Wheat,Sowing,Summer,24.91,43.6,7.93,7.8906,-0.0394,CRITICAL
2022-05-13,Zone_C,Cotton,Flowering,Summer,23.55,43.9,6.72,6.6742,-0.0458,WARNING
2022-05-14,Zone_D,Rice,Flowering,Summer,34.12,37.0,7.12,7.1472,0.0272,CRITICAL
2022-05-15,Zone_C,Sugarcane,Harvesting,Summer,19.29,42.4,6.65,6.7262,0.0762,WARNING
2022-05-16,Zone_A,Sugarcane,Harvesting,Summer,25.33,37.9,6.65,6.649,-0.001,WARNING
2022-05-17,Zone_C,Rice,Flowering,Summer,29.72,43.0,6.58,6.5651,-0.0149,WARNING
2022-05-18,Zone_A,Sugarcane,Vegetative,Summer,26.14,45.0,7.95,7.8622,-0.0878,CRITICAL
2022-05-19,Zone_A,Rice,Sowing,Summer,33.58,35.3,7.24,7.2974,0.0574,CRITICAL
2022-05-20,Zone_C,Cotton,Flowering,Summer,22.56,44.0,7.02,7.0004,-0.0196,CRITICAL
2022-05-21,Zone_A,Sugarcane,Sowing,Summer,24.27,41.2,6.3,6.3288,0.0288,WARNING
2022-05-22,Zone_A,Sugarcane,Sowing,Summer,16.77,44.7,7.31,7.2826,-0.0274,CRITICAL
2022-05-23,Zone_B,Rice,Sowing,Summer,27.18,39.7,7.14,7.2075,0.0675,CRITICAL
2022-05-24,Zone_D,Rice,Sowing,Summer,20.76,43.5,6.89,6.9119,0.0219,WARNING
2022-05-25,Zone_A,Cotton,Vegetative,Summer,18.21,35.6,5.59,5.6832,0.0932,WARNING
2022-05-26,Zone_D,Rice,Vegetative,Summer,25.89,38.4,6.16,6.1792,0.0192,WARNING
2022-05-27,Zone_B,Rice,Vegetative,Summer,25.65,35.7,5.6,5.6572,0.0572,WARNING
2022-05-28,Zone_B,Cotton,Flowering,Summer,16.52,44.8,7.93,7.8733,-0.0567,CRITICAL
2022-05-29,Zone_B,Wheat,Flowering,Summer,28.96,43.2,7.72,7.7873,0.0673,CRITICAL
2022-05-30,Zone_B,Wheat,Flowering,Summer,27.48,43.5,7.12,7.0704,-0.0496,CRITICAL
2022-05-31,Zone_D,Rice,Vegetative,Summer,18.78,44.4,6.8,6.7422,-0.0578,WARNING
2022-06-01,Zone_C,Cotton,Sowing,Monsoon,73.61,33.1,6.07,6.0564,-0.0136,WARNING
2022-06-02,Zone_C,Wheat,Vegetative,Monsoon,71.33,32.7,5.54,5.5368,-0.0032,WARNING
2022-06-03,Zone_D,Cotton,Flowering,Monsoon,77.19,26.1,6.21,6.3479,0.1379,WARNING
2022-06-04,Zone_A,Rice,Harvesting,Monsoon,76.18,31.4,5.89,5.8809,-0.0091,WARNING
2022-06-05,Zone_D,Rice,Flowering,Monsoon,71.03,33.3,8.3,8.2478,-0.0522,CRITICAL
2022-06-06,Zone_A,Cotton,Sowing,Monsoon,75.37,30.8,5.73,5.7421,0.0121,WARNING
2022-06-07,Zone_A,Sugarcane,Vegetative,Monsoon,81.21,31.5,6.72,6.7761,0.0561,WARNING
2022-06-08,Zone_C,Rice,Harvesting,Monsoon,67.97,29.6,8.05,8.0101,-0.0399,CRITICAL
2022-06-09,Zone_B,Rice,Harvesting,Monsoon,67.38,30.3,7.14,7.1264,-0.0136,CRITICAL
2022-06-10,Zone_C,Rice,Sowing,Monsoon,77.93,25.3,6.1,6.1843,0.0843,WARNING
2022-06-11,Zone_C,Rice,Vegetative,Monsoon,72.48,31.4,7.84,7.7273,-0.1127,CRITICAL
2022-06-12,Zone_D,Cotton,Harvesting,Monsoon,57.13,25.8,6.17,6.4723,0.3023,WARNING
2022-06-13,Zone_D,Cotton,Flowering,Monsoon,81.76,29.4,5.77,5.8613,0.0913,WARNING
2022-06-14,Zone_A,Cotton,Sowing,Monsoon,55.92,27.9,5.69,5.9891,0.2991,WARNING
2022-06-15,Zone_D,Cotton,Harvesting,Monsoon,77.45,30.5,7.09,7.0664,-0.0236,CRITICAL
2022-06-16,Zone_A,Sugarcane,Sowing,Monsoon,77.76,26.3,5.18,5.3617,0.1817,WARNING
2022-06-17,Zone_A,Cotton,Vegetative,Monsoon,83.59,31.9,5.64,5.7743,0.1343,WARNING
2022-06-18,Zone_B,Cotton,Vegetative,Monsoon,56.62,33.0,7.96,7.9047,-0.0553,CRITICAL
2022-06-19,Zone_B,Rice,Vegetative,Monsoon,72.91,26.6,6.99,6.903,-0.087,WARNING
2022-06-20,Zone_C,Sugarcane,Flowering,Monsoon,67.84,26.0,7.62,7.6102,-0.0098,CRITICAL
2022-06-21,Zone_B,Rice,Harvesting,Monsoon,64.92,26.5,6.9,6.9474,0.0474,WARNING
2022-06-22,Zone_A,Sugarcane,Vegetative,Monsoon,57.71,33.8,6.04,6.0436,0.0036,WARNING
2022-06-23,Zone_D,Wheat,Flowering,Monsoon,71.88,30.3,7.54,7.5526,0.0126,CRITICAL
2022-06-24,Zone_B,Sugarcane,Vegetative,Monsoon,69.37,29.7,6.29,6.3328,0.0428,WARNING
2022-06-25,Zone_B,Sugarcane,Vegetative,Monsoon,58.14,26.1,5.83,5.8129,-0.0171,WARNING
2022-06-26,Zone_B,Rice,Harvesting,Monsoon,73.37,31.5,7.43,7.4647,0.0347,CRITICAL
2022-06-27,Zone_B,Sugarcane,Flowering,Monsoon,77.14,33.7,6.17,6.3684,0.1984,WARNING
2022-06-28,Zone_A,Sugarcane,Vegetative,Monsoon,78.02,33.3,7.76,7.741,-0.019,CRITICAL
2022-06-29,Zone_A,Rice,Flowering,Monsoon,82.16,31.3,5.38,5.4538,0.0738,WARNING
2022-06-30,Zone_C,Wheat,Flowering,Monsoon,67.28,25.8,6.68,6.6025,-0.0775,WARNING
2022-07-01,Zone_D,Wheat,Vegetative,Monsoon,83.59,26.1,5.01,5.0154,0.0054,WARNING
2022-07-02,Zone_C,Wheat,Vegetative,Monsoon,80.96,25.5,5.82,5.9091,0.0891,WARNING
2022-07-03,Zone_C,Sugarcane,Sowing,Monsoon,63.9,27.6,8.16,7.9504,-0.2096,CRITICAL
2022-07-04,Zone_B,Rice,Harvesting,Monsoon,59.78,26.4,5.72,5.8161,0.0961,WARNING
2022-07-05,Zone_D,Wheat,Vegetative,Monsoon,68.06,27.6,5.08,5.1591,0.0791,WARNING
2022-07-06,Zone_B,Wheat,Sowing,Monsoon,67.06,28.9,6.1,6.1849,0.0849,WARNING
2022-07-07,Zone_A,Wheat,Harvesting,Monsoon,72.27,34.4,6.08,6.0571,-0.0229,WARNING
2022-07-08,Zone_C,Wheat,Vegetative,Monsoon,72.5,31.1,6.15,6.1167,-0.0333,WARNING
2022-07-09,Zone_D,Rice,Flowering,Monsoon,77.5,33.3,7.29,7.2878,-0.0022,CRITICAL
2022-07-10,Zone_A,Wheat,Harvesting,Monsoon,70.3,32.1,7.27,7.3132,0.0432,CRITICAL
2022-07-11,Zone_C,Sugarcane,Flowering,Monsoon,58.14,26.1,5.86,5.8888,0.0288,WARNING
2022-07-12,Zone_D,Sugarcane,Sowing,Monsoon,80.75,32.4,7.54,7.4763,-0.0637,CRITICAL
2022-07-13,Zone_C,Rice,Vegetative,Monsoon,64.29,27.8,4.86,4.9045,0.0445,WARNING
2022-07-14,Zone_D,Cotton,Sowing,Monsoon,84.14,31.4,5.06,5.3761,0.3161,WARNING
2022-07-15,Zone_C,Wheat,Vegetative,Monsoon,58.54,28.4,7.1,7.1179,0.0179,CRITICAL
2022-07-16,Zone_B,Wheat,Vegetative,Monsoon,83.75,35.0,7.83,7.7655,-0.0645,CRITICAL
2022-07-17,Zone_C,Sugarcane,Flowering,Monsoon,57.73,27.6,5.83,5.8388,0.0088,WARNING
2022-07-18,Zone_C,Rice,Sowing,Monsoon,61.93,27.8,6.88,6.8227,-0.0573,WARNING
2022-07-19,Zone_D,Cotton,Flowering,Monsoon,56.4,34.3,6.49,6.3716,-0.1184,WARNING
2022-07-20,Zone_D,Sugarcane,Flowering,Monsoon,76.15,25.2,6.4,6.4333,0.0333,WARNING
2022-07-21,Zone_B,Cotton,Flowering,Monsoon,80.51,32.0,6.04,6.0046,-0.0354,WARNING
2022-07-22,Zone_D,Rice,Sowing,Monsoon,68.02,32.3,7.77,7.6688,-0.1012,CRITICAL
2022-07-23,Zone_C,Rice,Vegetative,Monsoon,82.86,33.4,6.71,6.6039,-0.1061,WARNING
2022-07-24,Zone_D,Rice,Vegetative,Monsoon,72.71,34.7,7.2,7.1346,-0.0654,CRITICAL
2022-07-25,Zone_D,Sugarcane,Sowing,Monsoon,73.9,34.8,6.68,6.5486,-0.1314,WARNING
2022-07-26,Zone_D,Rice,Vegetative,Monsoon,80.36,25.7,7.77,7.7121,-0.0579,CRITICAL
2022-07-27,Zone_B,Sugarcane,Sowing,Monsoon,63.9,33.2,6.73,6.6705,-0.0595,WARNING
2022-07-28,Zone_B,Sugarcane,Sowing,Monsoon,65.63,31.5,5.26,5.3925,0.1325,WARNING
2022-07-29,Zone_A,Wheat,Vegetative,Monsoon,82.18,31.5,7.96,7.9108,-0.0492,CRITICAL
2022-07-30,Zone_B,Sugarcane,Harvesting,Monsoon,82.03,26.3,7.14,7.1394,-0.0006,CRITICAL
2022-07-31,Zone_B,Sugarcane,Flowering,Monsoon,84.29,31.5,7.49,7.4787,-0.0113,CRITICAL
2022-08-01,Zone_B,Wheat,Sowing,Monsoon,82.06,34.8,6.87,6.7989,-0.0711,WARNING
2022-08-02,Zone_C,Cotton,Sowing,Monsoon,58.82,34.1,6.83,6.8509,0.0209,WARNING
2022-08-03,Zone_A,Wheat,Harvesting,Monsoon,79.71,29.4,6.27,6.344,0.074,WARNING
2022-08-04,Zone_C,Wheat,Sowing,Monsoon,67.3,25.4,6.28,6.3782,0.0982,WARNING
2022-08-05,Zone_B,Rice,Sowing,Monsoon,84.72,28.6,6.11,6.2218,0.1118,WARNING
2022-08-06,Zone_B,Rice,Vegetative,Monsoon,69.17,33.3,6.32,6.3688,0.0488,WARNING
2022-08-07,Zone_A,Wheat,Vegetative,Monsoon,71.62,32.0,7.24,7.1523,-0.0877,CRITICAL
2022-08-08,Zone_A,Rice,Harvesting,Monsoon,70.89,29.6,4.85,5.0585,0.2085,WARNING
2022-08-09,Zone_D,Wheat,Sowing,Monsoon,64.65,25.6,7.29,7.2819,-0.0081,CRITICAL
2022-08-10,Zone_B,Rice,Flowering,Monsoon,57.25,29.3,5.98,5.9667,-0.0133,WARNING
2022-08-11,Zone_B,Sugarcane,Vegetative,Monsoon,81.87,29.7,7.31,7.3137,0.0037,CRITICAL
2022-08-12,Zone_C,Rice,Flowering,Monsoon,79.08,34.3,7.43,7.3392,-0.0908,CRITICAL
2022-08-13,Zone_D,Rice,Flowering,Monsoon,59.19,31.4,5.72,5.8619,0.1419,WARNING
2022-08-14,Zone_B,Sugarcane,Harvesting,Monsoon,78.3,28.1,5.77,5.7752,0.0052,WARNING
2022-08-15,Zone_C,Wheat,Harvesting,Monsoon,73.78,30.3,5.41,5.5219,0.1119,WARNING
2022-08-16,Zone_A,Rice,Sowing,Monsoon,67.27,25.7,7.43,7.3863,-0.0437,CRITICAL
2022-08-17,Zone_C,Rice,Harvesting,Monsoon,62.62,34.7,7.6,7.5872,-0.0128,CRITICAL
2022-08-18,Zone_B,Sugarcane,Vegetative,Monsoon,80.79,28.6,5.39,5.3718,-0.0182,WARNING
2022-08-19,Zone_C,Sugarcane,Sowing,Monsoon,76.01,29.8,6.57,6.6949,0.1249,WARNING
2022-08-20,Zone_C,Sugarcane,Sowing,Monsoon,71.43,28.6,7.55,7.5129,-0.0371,CRITICAL
2022-08-21,Zone_D,Cotton,Flowering,Monsoon,73.29,31.8,8.13,8.0839,-0.0461,CRITICAL
2022-08-22,Zone_D,Sugarcane,Flowering,Monsoon,57.73,31.6,7.31,7.3649,0.0549,CRITICAL
2022-08-23,Zone_A,Wheat,Flowering,Monsoon,69.22,32.2,5.66,5.5713,-0.0887,WARNING
2022-08-24,Zone_D,Rice,Sowing,Monsoon,60.81,27.7,7.15,7.1142,-0.0358,CRITICAL
2022-08-25,Zone_C,Rice,Harvesting,Monsoon,61.25,28.2,6.72,6.8385,0.1185,WARNING
2022-08-26,Zone_D,Cotton,Harvesting,Monsoon,74.84,26.3,7.16,7.139,-0.021,CRITICAL
2022-08-27,Zone_B,Rice,Harvesting,Monsoon,82.34,31.6,6.74,6.7628,0.0228,WARNING
2022-08-28,Zone_C,Rice,Sowing,Monsoon,67.11,25.4,7.33,7.0877,-0.2423,CRITICAL
2022-08-29,Zone_C,Wheat,Sowing,Monsoon,61.23,31.0,7.02,7.0191,-0.0009,CRITICAL
2022-08-30,Zone_C,Rice,Sowing,Monsoon,74.46,33.7,8.4,8.3319,-0.0681,CRITICAL
2022-08-31,Zone_B,Wheat,Sowing,Monsoon,81.14,33.9,6.12,6.1171,-0.0029,WARNING
2022-09-01,Zone_C,Cotton,Sowing,Post-Monsoon,77.45,29.5,6.69,6.7267,0.0367,WARNING
2022-09-02,Zone_D,Wheat,Harvesting,Post-Monsoon,81.06,29.6,6.61,6.6456,0.0356,WARNING
2022-09-03,Zone_B,Sugarcane,Sowing,Post-Monsoon,71.1,25.8,4.28,4.3483,0.0683,WARNING
2022-09-04,Zone_C,Sugarcane,Harvesting,Post-Monsoon,77.56,31.7,6.03,6.0522,0.0222,WARNING
2022-09-05,Zone_D,Cotton,Sowing,Post-Monsoon,59.2,33.2,7.03,6.9805,-0.0495,WARNING
2022-09-06,Zone_D,Rice,Harvesting,Post-Monsoon,65.45,27.4,7.37,7.1882,-0.1818,CRITICAL
2022-09-07,Zone_A,Wheat,Vegetative,Post-Monsoon,66.69,29.2,7.44,7.4182,-0.0218,CRITICAL
2022-09-08,Zone_D,Sugarcane,Vegetative,Post-Monsoon,70.34,33.4,6.2,6.1529,-0.0471,WARNING
2022-09-09,Zone_D,Wheat,Harvesting,Post-Monsoon,82.87,33.8,5.93,5.9232,-0.0068,WARNING
2022-09-10,Zone_A,Sugarcane,Vegetative,Post-Monsoon,81.23,27.4,5.9,5.8186,-0.0814,WARNING
2022-09-11,Zone_A,Wheat,Vegetative,Post-Monsoon,59.04,30.5,6.38,6.3898,0.0098,WARNING
2022-09-12,Zone_B,Rice,Harvesting,Post-Monsoon,60.18,26.9,5.08,5.1253,0.0453,WARNING
2022-09-13,Zone_D,Cotton,Sowing,Post-Monsoon,65.73,26.0,6.71,6.6356,-0.0744,WARNING
2022-09-14,Zone_B,Rice,Sowing,Post-Monsoon,63.72,34.1,8.13,8.0592,-0.0708,CRITICAL
2022-09-15,Zone_B,Wheat,Harvesting,Post-Monsoon,73.44,33.2,6.73,6.6266,-0.1034,WARNING
2022-09-16,Zone_C,Sugarcane,Flowering,Post-Monsoon,82.08,32.6,5.55,5.5713,0.0213,WARNING
2022-09-17,Zone_B,Sugarcane,Flowering,Post-Monsoon,83.87,25.5,6.61,6.6792,0.0692,WARNING
2022-09-18,Zone_B,Cotton,Vegetative,Post-Monsoon,74.61,33.4,6.73,6.7337,0.0037,WARNING
2022-09-19,Zone_B,Rice,Flowering,Post-Monsoon,80.14,29.4,6.96,7.1353,0.1753,CRITICAL
2022-09-20,Zone_B,Rice,Vegetative,Post-Monsoon,70.76,28.4,5.96,6.0546,0.0946,WARNING
2022-09-21,Zone_A,Rice,Sowing,Post-Monsoon,61.25,30.5,7.68,7.6001,-0.0799,CRITICAL
2022-09-22,Zone_D,Sugarcane,Harvesting,Post-Monsoon,70.74,25.9,5.98,6.1035,0.1235,WARNING
2022-09-23,Zone_C,Cotton,Sowing,Post-Monsoon,71.65,32.6,6.19,6.1684,-0.0216,WARNING
2022-09-24,Zone_A,Sugarcane,Harvesting,Post-Monsoon,77.27,30.8,7.45,7.4407,-0.0093,CRITICAL
2022-09-25,Zone_C,Rice,Flowering,Post-Monsoon,61.6,26.9,5.39,5.3396,-0.0504,WARNING
2022-09-26,Zone_C,Wheat,Sowing,Post-Monsoon,66.05,26.9,5.24,5.1909,-0.0491,WARNING
2022-09-27,Zone_A,Sugarcane,Sowing,Post-Monsoon,65.92,26.8,4.65,4.729,0.079,WARNING
2022-09-28,Zone_B,Cotton,Vegetative,Post-Monsoon,83.78,25.6,7.13,7.0469,-0.0831,CRITICAL
2022-09-29,Zone_A,Rice,Harvesting,Post-Monsoon,68.32,30.9,6.45,6.5727,0.1227,WARNING
2022-09-30,Zone_C,Wheat,Flowering,Post-Monsoon,77.65,33.4,7.66,7.6752,0.0152,CRITICAL
2022-10-01,Zone_C,Sugarcane,Sowing,Post-Monsoon,49.45,25.2,5.84,5.942,0.102,WARNING
2022-10-02,Zone_B,Wheat,Harvesting,Post-Monsoon,47.02,25.5,6.14,6.178,0.038,WARNING
2022-10-03,Zone_A,Wheat,Flowering,Post-Monsoon,64.59,30.7,6.68,6.7692,0.0892,WARNING
2022-10-04,Zone_D,Cotton,Sowing,Post-Monsoon,59.63,33.2,7.78,7.7261,-0.0539,CRITICAL
2022-10-05,Zone_C,Sugarcane,Harvesting,Post-Monsoon,48.05,28.3,7.09,7.1519,0.0619,CRITICAL
2022-10-06,Zone_A,Cotton,Vegetative,Post-Monsoon,56.82,28.5,7.24,7.2919,0.0519,CRITICAL
2022-10-07,Zone_B,Rice,Sowing,Post-Monsoon,43.09,31.0,7.48,7.3083,-0.1717,CRITICAL
2022-10-08,Zone_B,Wheat,Harvesting,Post-Monsoon,38.01,27.7,7.03,6.9878,-0.0422,WARNING
2022-10-09,Zone_D,Cotton,Flowering,Post-Monsoon,45.57,25.3,6.25,6.2651,0.0151,WARNING
2022-10-10,Zone_C,Cotton,Flowering,Post-Monsoon,47.09,32.4,7.98,7.8681,-0.1119,CRITICAL
2022-10-11,Zone_D,Rice,Vegetative,Post-Monsoon,35.5,31.3,6.86,6.9225,0.0625,WARNING
2022-10-12,Zone_D,Sugarcane,Sowing,Post-Monsoon,59.44,30.8,7.69,7.687,-0.003,CRITICAL
2022-10-13,Zone_D,Cotton,Vegetative,Post-Monsoon,45.78,32.4,8.01,7.8215,-0.1885,CRITICAL
2022-10-14,Zone_D,Wheat,Harvesting,Post-Monsoon,52.41,31.8,7.48,7.463,-0.017,CRITICAL
2022-10-15,Zone_B,Wheat,Flowering,Post-Monsoon,37.22,27.1,7.43,7.4178,-0.0122,CRITICAL
2022-10-16,Zone_C,Wheat,Vegetative,Post-Monsoon,40.25,28.5,7.17,7.1903,0.0203,CRITICAL
2022-10-17,Zone_D,Wheat,Sowing,Post-Monsoon,61.69,26.3,6.66,6.716,0.056,WARNING
2022-10-18,Zone_C,Cotton,Harvesting,Post-Monsoon,53.26,26.3,6.89,6.8116,-0.0784,WARNING
2022-10-19,Zone_B,Wheat,Sowing,Post-Monsoon,63.51,31.8,6.89,6.9291,0.0391,WARNING
2022-10-20,Zone_B,Cotton,Vegetative,Post-Monsoon,64.96,33.6,7.59,7.6196,0.0296,CRITICAL
2022-10-21,Zone_A,Sugarcane,Flowering,Post-Monsoon,46.16,34.6,8.2,8.0428,-0.1572,CRITICAL
2022-10-22,Zone_A,Wheat,Flowering,Post-Monsoon,43.96,31.3,6.4,6.4606,0.0606,WARNING
2022-10-23,Zone_C,Sugarcane,Vegetative,Post-Monsoon,60.75,26.8,6.92,6.7618,-0.1582,WARNING
2022-10-24,Zone_A,Cotton,Sowing,Post-Monsoon,64.96,26.1,6.48,6.5954,0.1154,WARNING
2022-10-25,Zone_D,Rice,Sowing,Post-Monsoon,53.89,33.1,8.33,7.9399,-0.3901,CRITICAL
2022-10-26,Zone_C,Sugarcane,Sowing,Post-Monsoon,58.85,30.8,6.97,6.9337,-0.0363,WARNING
2022-10-27,Zone_B,Wheat,Sowing,Post-Monsoon,58.45,31.2,6.92,6.9374,0.0174,WARNING
2022-10-28,Zone_B,Rice,Flowering,Post-Monsoon,45.66,32.8,7.35,7.3406,-0.0094,CRITICAL
2022-10-29,Zone_D,Sugarcane,Sowing,Post-Monsoon,52.23,32.0,7.12,7.1798,0.0598,CRITICAL
2022-10-30,Zone_A,Cotton,Vegetative,Post-Monsoon,59.99,33.3,7.76,7.7225,-0.0375,CRITICAL
2022-10-31,Zone_C,Cotton,Vegetative,Post-Monsoon,55.64,25.6,6.89,7.0835,0.1935,CRITICAL
2022-11-01,Zone_C,Cotton,Vegetative,Post-Monsoon,35.63,32.5,6.86,6.951,0.091,WARNING
2022-11-02,Zone_D,Sugarcane,Vegetative,Post-Monsoon,45.1,33.5,6.46,6.814,0.354,WARNING
2022-11-03,Zone_A,Cotton,Sowing,Post-Monsoon,39.33,27.9,7.71,7.6173,-0.0927,CRITICAL
2022-11-04,Zone_C,Sugarcane,Flowering,Post-Monsoon,41.99,31.4,6.95,6.9465,-0.0035,WARNING
2022-11-05,Zone_D,Wheat,Harvesting,Post-Monsoon,62.16,28.1,7.74,7.6945,-0.0455,CRITICAL
2022-11-06,Zone_C,Wheat,Sowing,Post-Monsoon,36.11,34.6,7.82,7.6844,-0.1356,CRITICAL
2022-11-07,Zone_B,Sugarcane,Harvesting,Post-Monsoon,41.59,25.3,7.08,6.9436,-0.1364,WARNING
2022-11-08,Zone_C,Sugarcane,Flowering,Post-Monsoon,44.29,30.8,7.87,7.8214,-0.0486,CRITICAL
2022-11-09,Zone_C,Rice,Sowing,Post-Monsoon,53.51,26.7,6.73,6.3925,-0.3375,WARNING
2022-11-10,Zone_C,Cotton,Harvesting,Post-Monsoon,51.02,32.1,7.48,7.402,-0.078,CRITICAL
2022-11-11,Zone_A,Wheat,Flowering,Post-Monsoon,41.55,26.8,7.48,7.285,-0.195,CRITICAL
2022-11-12,Zone_A,Wheat,Harvesting,Post-Monsoon,39.93,27.4,8.02,7.8664,-0.1536,CRITICAL
2022-11-13,Zone_D,Rice,Vegetative,Post-Monsoon,42.1,29.9,6.08,6.2551,0.1751,WARNING
2022-11-14,Zone_A,Sugarcane,Vegetative,Post-Monsoon,50.08,34.1,8.32,8.1886,-0.1314,CRITICAL
2022-11-15,Zone_C,Sugarcane,Flowering,Post-Monsoon,43.14,27.1,6.59,6.6035,0.0135,WARNING
2022-11-16,Zone_C,Rice,Flowering,Post-Monsoon,63.43,26.4,7.21,7.1412,-0.0688,CRITICAL
2022-11-17,Zone_A,Cotton,Harvesting,Post-Monsoon,48.92,32.6,7.49,7.447,-0.043,CRITICAL
2022-11-18,Zone_A,Sugarcane,Flowering,Post-Monsoon,36.76,30.0,7.72,7.7258,0.0058,CRITICAL
2022-11-19,Zone_C,Sugarcane,Vegetative,Post-Monsoon,56.88,34.1,8.16,7.9264,-0.2336,CRITICAL
2022-11-20,Zone_C,Cotton,Vegetative,Post-Monsoon,44.87,26.5,7.33,7.2681,-0.0619,CRITICAL
2022-11-21,Zone_B,Cotton,Sowing,Post-Monsoon,54.6,31.5,7.82,7.7931,-0.0269,CRITICAL
2022-11-22,Zone_D,Rice,Harvesting,Post-Monsoon,43.39,27.3,6.93,6.8595,-0.0705,WARNING
2022-11-23,Zone_A,Rice,Flowering,Post-Monsoon,52.12,26.6,6.21,6.2422,0.0322,WARNING
2022-11-24,Zone_D,Rice,Flowering,Post-Monsoon,58.16,31.8,8.06,7.8149,-0.2451,CRITICAL
2022-11-25,Zone_C,Sugarcane,Flowering,Post-Monsoon,62.84,30.9,8.07,7.9349,-0.1351,CRITICAL
2022-11-26,Zone_D,Rice,Harvesting,Post-Monsoon,42.83,32.5,6.81,6.8625,0.0525,WARNING
2022-11-27,Zone_A,Sugarcane,Vegetative,Post-Monsoon,45.05,28.1,6.6,6.6723,0.0723,WARNING
2022-11-28,Zone_A,Wheat,Flowering,Post-Monsoon,48.93,29.5,5.89,6.0329,0.1429,WARNING
2022-11-29,Zone_D,Cotton,Flowering,Post-Monsoon,62.82,29.1,6.94,7.0381,0.0981,CRITICAL
2022-11-30,Zone_A,Cotton,Vegetative,Post-Monsoon,62.04,34.8,7.25,7.2262,-0.0238,CRITICAL
2022-12-01,Zone_B,Wheat,Flowering,Winter,37.7,21.8,5.53,5.6195,0.0895,WARNING
2022-12-02,Zone_C,Rice,Sowing,Winter,38.96,13.0,2.11,2.1172,0.0072,NORMAL
2022-12-03,Zone_C,Sugarcane,Vegetative,Winter,49.87,10.9,0.0,0.5686,0.5686,NORMAL
2022-12-04,Zone_A,Sugarcane,Vegetative,Winter,38.2,18.0,6.32,6.2769,-0.0431,WARNING
2022-12-05,Zone_C,Sugarcane,Vegetative,Winter,45.37,17.1,6.59,6.3028,-0.2872,WARNING
2022-12-06,Zone_B,Cotton,Sowing,Winter,39.45,15.0,4.92,4.8019,-0.1181,WARNING
2022-12-07,Zone_A,Rice,Vegetative,Winter,54.08,15.1,3.88,3.8199,-0.0601,NORMAL
2022-12-08,Zone_B,Sugarcane,Harvesting,Winter,63.48,19.4,5.37,5.2123,-0.1577,WARNING
2022-12-09,Zone_B,Sugarcane,Harvesting,Winter,64.9,12.3,3.72,3.511,-0.209,NORMAL
2022-12-10,Zone_C,Sugarcane,Harvesting,Winter,46.26,19.8,7.45,7.3086,-0.1414,CRITICAL
2022-12-11,Zone_C,Wheat,Vegetative,Winter,52.97,17.8,4.65,4.6819,0.0319,WARNING
2022-12-12,Zone_D,Sugarcane,Vegetative,Winter,60.69,15.0,2.76,2.7765,0.0165,NORMAL
2022-12-13,Zone_B,Wheat,Vegetative,Winter,38.52,15.5,5.1,5.2146,0.1146,WARNING
2022-12-14,Zone_C,Sugarcane,Sowing,Winter,55.69,13.1,3.29,3.1812,-0.1088,NORMAL
2022-12-15,Zone_B,Sugarcane,Harvesting,Winter,47.27,19.0,5.81,6.0008,0.1908,WARNING
2022-12-16,Zone_D,Sugarcane,Flowering,Winter,41.18,16.2,4.24,3.9348,-0.3052,NORMAL
2022-12-17,Zone_B,Wheat,Flowering,Winter,47.08,13.9,2.79,2.8503,0.0603,NORMAL
2022-12-18,Zone_A,Sugarcane,Vegetative,Winter,37.28,17.2,4.87,4.7682,-0.1018,WARNING
2022-12-19,Zone_D,Rice,Sowing,Winter,55.86,21.9,5.07,5.1707,0.1007,WARNING
2022-12-20,Zone_D,Sugarcane,Vegetative,Winter,42.58,15.2,2.32,2.4922,0.1722,NORMAL
2022-12-21,Zone_B,Wheat,Flowering,Winter,44.34,21.0,6.44,6.2298,-0.2102,WARNING
2022-12-22,Zone_B,Wheat,Harvesting,Winter,38.63,14.1,4.1,4.2677,0.1677,WARNING
2022-12-23,Zone_C,Rice,Flowering,Winter,60.94,10.7,0.14,1.3654,1.2254,NORMAL
2022-12-24,Zone_A,Cotton,Harvesting,Winter,49.8,12.5,3.93,4.0915,0.1615,WARNING
2022-12-25,Zone_D,Rice,Harvesting,Winter,52.16,15.0,4.75,4.7772,0.0272,WARNING
2022-12-26,Zone_D,Rice,Sowing,Winter,52.08,12.6,2.33,2.1712,-0.1588,NORMAL
2022-12-27,Zone_D,Wheat,Flowering,Winter,47.31,10.0,1.55,1.936,0.386,NORMAL
2022-12-28,Zone_C,Sugarcane,Vegetative,Winter,40.78,21.0,6.68,6.5333,-0.1467,WARNING
2022-12-29,Zone_A,Sugarcane,Sowing,Winter,57.35,20.1,6.84,6.8048,-0.0352,WARNING
2022-12-30,Zone_D,Cotton,Harvesting,Winter,38.81,18.9,6.3,6.2575,-0.0425,WARNING
2022-12-31,Zone_D,Cotton,Flowering,Winter,38.12,12.0,4.33,4.3568,0.0268,WARNING
2023-01-01,Zone_C,Cotton,Vegetative,Winter,56.3,11.4,4.03,3.981,-0.049,NORMAL
2023-01-02,Zone_B,Cotton,Sowing,Winter,41.27,10.8,1.03,1.4319,0.4019,NORMAL
2023-01-03,Zone_D,Rice,Vegetative,Winter,44.2,18.7,6.68,6.691,0.011,WARNING
2023-01-04,Zone_A,Rice,Flowering,Winter,49.26,21.1,5.48,5.6349,0.1549,WARNING
2023-01-05,Zone_A,Sugarcane,Vegetative,Winter,48.48,15.2,4.12,4.2749,0.1549,WARNING
2023-01-06,Zone_A,Rice,Sowing,Winter,56.26,11.4,0.0,0.3002,0.3002,NORMAL
2023-01-07,Zone_A,Sugarcane,Vegetative,Winter,53.7,16.1,4.14,4.3339,0.1939,WARNING
2023-01-08,Zone_C,Sugarcane,Flowering,Winter,54.33,14.2,5.72,5.3166,-0.4034,WARNING
2023-01-09,Zone_D,Sugarcane,Sowing,Winter,56.42,14.5,5.05,5.1347,0.0847,WARNING
2023-01-10,Zone_C,Sugarcane,Harvesting,Winter,43.78,17.5,5.41,5.3786,-0.0314,WARNING
2023-01-11,Zone_A,Wheat,Sowing,Winter,44.67,18.6,5.37,5.4006,0.0306,WARNING
2023-01-12,Zone_A,Sugarcane,Flowering,Winter,48.14,11.3,3.79,3.6852,-0.1048,NORMAL
2023-01-13,Zone_A,Rice,Vegetative,Winter,44.22,10.4,3.46,3.6699,0.2099,NORMAL
2023-01-14,Zone_C,Rice,Harvesting,Winter,64.55,21.9,7.59,7.4267,-0.1633,CRITICAL
2023-01-15,Zone_A,Rice,Harvesting,Winter,59.42,12.8,2.99,2.9628,-0.0272,NORMAL
2023-01-16,Zone_D,Rice,Vegetative,Winter,39.94,10.6,1.62,1.8436,0.2236,NORMAL
2023-01-17,Zone_A,Wheat,Flowering,Winter,35.17,12.3,4.62,4.7685,0.1485,WARNING
2023-01-18,Zone_D,Cotton,Sowing,Winter,36.28,10.5,5.09,4.9001,-0.1899,WARNING
2023-01-19,Zone_D,Cotton,Flowering,Winter,42.32,14.7,4.98,5.024,0.044,WARNING
2023-01-20,Zone_A,Sugarcane,Harvesting,Winter,38.43,19.6,6.63,6.2742,-0.3558,WARNING
2023-01-21,Zone_C,Sugarcane,Sowing,Winter,51.0,14.1,3.71,3.5933,-0.1167,NORMAL
2023-01-22,Zone_B,Rice,Sowing,Winter,60.74,15.3,5.16,5.0948,-0.0652,WARNING
2023-01-23,Zone_B,Rice,Vegetative,Winter,57.1,18.1,6.36,6.3585,-0.0015,WARNING
2023-01-24,Zone_D,Cotton,Flowering,Winter,41.47,16.1,6.08,5.8708,-0.2092,WARNING
2023-01-25,Zone_C,Cotton,Sowing,Winter,46.98,20.3,3.93,4.1256,0.1956,WARNING
2023-01-26,Zone_B,Rice,Vegetative,Winter,50.24,20.4,5.12,5.0089,-0.1111,WARNING
2023-01-27,Zone_A,Sugarcane,Flowering,Winter,59.31,10.1,3.48,3.6153,0.1353,NORMAL
2023-01-28,Zone_A,Wheat,Harvesting,Winter,60.17,19.3,5.53,5.6678,0.1378,WARNING
2023-01-29,Zone_D,Wheat,Harvesting,Winter,62.29,15.5,5.29,5.2443,-0.0457,WARNING
2023-01-30,Zone_C,Cotton,Flowering,Winter,50.28,21.9,6.48,6.3736,-0.1064,WARNING
2023-01-31,Zone_C,Cotton,Sowing,Winter,55.83,15.8,6.87,6.5089,-0.3611,WARNING
2023-02-01,Zone_B,Cotton,Sowing,Winter,38.35,21.8,6.23,5.4796,-0.7504,WARNING
2023-02-02,Zone_B,Wheat,Harvesting,Winter,51.96,19.1,5.11,5.234,0.124,WARNING
2023-02-03,Zone_A,Wheat,Harvesting,Winter,42.46,13.0,2.0,2.0327,0.0327,NORMAL
2023-02-04,Zone_D,Rice,Sowing,Winter,47.95,16.5,6.61,6.1179,-0.4921,WARNING
2023-02-05,Zone_C,Sugarcane,Flowering,Winter,54.02,21.9,4.66,4.8199,0.1599,WARNING
2023-02-06,Zone_B,Cotton,Harvesting,Winter,42.71,20.3,4.89,4.8212,-0.0688,WARNING
2023-02-07,Zone_B,Rice,Sowing,Winter,36.57,11.2,5.22,5.023,-0.197,WARNING
2023-02-08,Zone_D,Wheat,Flowering,Winter,35.31,18.5,5.58,5.6953,0.1153,WARNING
2023-02-09,Zone_D,Rice,Vegetative,Winter,35.66,14.1,4.82,4.8684,0.0484,WARNING
2023-02-10,Zone_A,Wheat,Flowering,Winter,35.25,10.1,4.48,4.4257,-0.0543,WARNING
2023-02-11,Zone_D,Sugarcane,Sowing,Winter,38.31,14.8,5.67,5.4559,-0.2141,WARNING
2023-02-12,Zone_A,Wheat,Flowering,Winter,42.18,12.8,2.66,2.4957,-0.1643,NORMAL
2023-02-13,Zone_A,Rice,Sowing,Winter,41.64,19.8,5.94,5.9504,0.0104,WARNING
2023-02-14,Zone_D,Sugarcane,Harvesting,Winter,64.6,14.0,2.39,2.5272,0.1372,NORMAL
2023-02-15,Zone_D,Wheat,Vegetative,Winter,44.18,19.9,6.83,6.7842,-0.0458,WARNING
2023-02-16,Zone_D,Cotton,Harvesting,Winter,38.82,10.0,0.36,0.7965,0.4365,NORMAL
2023-02-17,Zone_D,Wheat,Harvesting,Winter,51.37,13.7,5.39,5.2819,-0.1081,WARNING
2023-02-18,Zone_D,Sugarcane,Sowing,Winter,60.74,12.9,2.52,2.3879,-0.1321,NORMAL
2023-02-19,Zone_A,Rice,Sowing,Winter,55.34,12.8,4.9,4.8011,-0.0989,WARNING
2023-02-20,Zone_B,Sugarcane,Sowing,Winter,43.88,10.8,5.38,5.0886,-0.2914,WARNING
2023-02-21,Zone_C,Rice,Sowing,Winter,51.85,12.2,1.31,1.4995,0.1895,NORMAL
2023-02-22,Zone_C,Wheat,Harvesting,Winter,56.45,16.7,4.91,4.9794,0.0694,WARNING
2023-02-23,Zone_A,Wheat,Sowing,Winter,56.84,13.5,2.68,2.931,0.251,NORMAL
2023-02-24,Zone_A,Sugarcane,Sowing,Winter,55.0,15.0,3.51,3.5485,0.0385,NORMAL
2023-02-25,Zone_B,Cotton,Harvesting,Winter,61.12,14.5,4.85,4.8308,-0.0192,WARNING
2023-02-26,Zone_D,Wheat,Vegetative,Winter,61.1,20.5,5.26,5.4566,0.1966,WARNING
2023-02-27,Zone_A,Cotton,Vegetative,Winter,52.37,20.9,5.62,5.266,-0.354,WARNING
2023-02-28,Zone_C,Cotton,Flowering,Winter,47.9,15.9,5.22,5.4129,0.1929,WARNING
2023-03-01,Zone_D,Sugarcane,Harvesting,Summer,15.4,44.8,7.02,6.9919,-0.0281,WARNING
2023-03-02,Zone_A,Wheat,Sowing,Summer,20.06,37.1,6.74,6.7153,-0.0247,WARNING
2023-03-03,Zone_D,Cotton,Flowering,Summer,25.35,35.7,7.15,7.1683,0.0183,CRITICAL
2023-03-04,Zone_C,Wheat,Vegetative,Summer,15.3,40.9,7.15,7.1693,0.0193,CRITICAL
2023-03-05,Zone_D,Rice,Vegetative,Summer,20.29,42.4,6.82,6.8152,-0.0048,WARNING
2023-03-06,Zone_A,Cotton,Harvesting,Summer,25.28,35.3,6.21,6.2702,0.0602,WARNING
2023-03-07,Zone_A,Sugarcane,Sowing,Summer,26.46,41.6,7.88,7.8397,-0.0403,CRITICAL
2023-03-08,Zone_C,Sugarcane,Sowing,Summer,33.52,40.3,5.97,6.0646,0.0946,WARNING
2023-03-09,Zone_B,Cotton,Flowering,Summer,27.91,36.0,7.28,7.3288,0.0488,CRITICAL
2023-03-10,Zone_B,Wheat,Vegetative,Summer,23.29,36.7,7.16,7.158,-0.002,CRITICAL
2023-03-11,Zone_D,Rice,Flowering,Summer,33.61,40.7,7.32,7.329,0.009,CRITICAL
2023-03-12,Zone_A,Rice,Flowering,Summer,30.7,38.0,7.68,7.6285,-0.0515,CRITICAL
2023-03-13,Zone_A,Sugarcane,Flowering,Summer,19.0,44.4,8.01,7.975,-0.035,CRITICAL
2023-03-14,Zone_C,Sugarcane,Sowing,Summer,17.62,43.2,6.31,6.4326,0.1226,WARNING
2023-03-15,Zone_C,Wheat,Vegetative,Summer,28.52,44.8,7.53,7.5207,-0.0093,CRITICAL
2023-03-16,Zone_A,Sugarcane,Flowering,Summer,26.2,37.6,7.54,7.5361,-0.0039,CRITICAL
2023-03-17,Zone_C,Wheat,Vegetative,Summer,30.79,44.7,7.87,7.8533,-0.0167,CRITICAL
2023-03-18,Zone_B,Cotton,Vegetative,Summer,29.78,39.3,6.29,6.3182,0.0282,WARNING
2023-03-19,Zone_B,Rice,Flowering,Summer,27.5,38.5,6.01,6.0573,0.0473,WARNING
2023-03-20,Zone_D,Cotton,Flowering,Summer,34.73,35.5,7.13,7.1539,0.0239,CRITICAL
2023-03-21,Zone_C,Sugarcane,Harvesting,Summer,25.67,35.5,7.79,7.7677,-0.0223,CRITICAL
2023-03-22,Zone_D,Rice,Sowing,Summer,17.26,41.9,7.42,7.4563,0.0363,CRITICAL
2023-03-23,Zone_C,Rice,Vegetative,Summer,31.57,39.6,7.66,7.7229,0.0629,CRITICAL
2023-03-24,Zone_C,Cotton,Flowering,Summer,20.04,37.3,7.69,7.6728,-0.0172,CRITICAL
2023-03-25,Zone_B,Wheat,Flowering,Summer,30.55,41.1,6.99,7.0587,0.0687,CRITICAL
2023-03-26,Zone_A,Rice,Vegetative,Summer,34.14,37.5,7.18,7.2035,0.0235,CRITICAL
2023-03-27,Zone_C,Wheat,Flowering,Summer,28.94,40.8,6.96,6.9318,-0.0282,WARNING
2023-03-28,Zone_C,Cotton,Harvesting,Summer,26.92,38.6,7.29,7.3612,0.0712,CRITICAL
2023-03-29,Zone_C,Cotton,Vegetative,Summer,24.21,43.2,6.4,6.3891,-0.0109,WARNING
2023-03-30,Zone_A,Wheat,Flowering,Summer,22.29,43.2,6.54,6.504,-0.036,WARNING
2023-03-31,Zone_D,Cotton,Vegetative,Summer,22.06,39.8,6.86,6.8489,-0.0111,WARNING
2023-04-01,Zone_D,Rice,Flowering,Summer,27.73,38.5,7.0,7.0356,0.0356,CRITICAL
2023-04-02,Zone_C,Cotton,Flowering,Summer,30.03,38.6,7.21,7.17,-0.04,CRITICAL
2023-04-03,Zone_C,Cotton,Sowing,Summer,28.57,43.1,7.35,7.3534,0.0034,CRITICAL
2023-04-04,Zone_D,Rice,Vegetative,Summer,18.97,38.3,6.37,6.3189,-0.0511,WARNING
2023-04-05,Zone_D,Wheat,Sowing,Summer,24.88,37.1,6.79,6.8225,0.0325,WARNING
2023-04-06,Zone_B,Cotton,Flowering,Summer,30.83,35.8,5.63,5.7865,0.1565,WARNING
2023-04-07,Zone_C,Wheat,Vegetative,Summer,24.51,39.7,6.12,6.1037,-0.0163,WARNING
2023-04-08,Zone_D,Rice,Vegetative,Summer,25.73,39.8,7.31,7.2848,-0.0252,CRITICAL
2023-04-09,Zone_B,Wheat,Harvesting,Summer,30.42,43.4,7.01,6.999,-0.011,WARNING
2023-04-10,Zone_A,Wheat,Harvesting,Summer,28.23,37.2,7.6,7.6037,0.0037,CRITICAL
2023-04-11,Zone_C,Sugarcane,Flowering,Summer,23.19,38.8,7.54,7.5448,0.0048,CRITICAL
2023-04-12,Zone_D,Sugarcane,Flowering,Summer,32.91,43.1,7.33,7.3148,-0.0152,CRITICAL
2023-04-13,Zone_C,Cotton,Flowering,Summer,18.25,43.2,7.82,7.7573,-0.0627,CRITICAL
2023-04-14,Zone_B,Sugarcane,Flowering,Summer,34.91,38.8,6.21,6.1668,-0.0432,WARNING
2023-04-15,Zone_D,Sugarcane,Harvesting,Summer,17.38,39.6,7.59,7.6038,0.0138,CRITICAL
2023-04-16,Zone_A,Sugarcane,Vegetative,Summer,15.3,38.0,6.9,6.8976,-0.0024,WARNING
2023-04-17,Zone_A,Wheat,Sowing,Summer,32.8,44.3,6.92,6.9479,0.0279,WARNING
2023-04-18,Zone_B,Wheat,Vegetative,Summer,19.9,36.2,6.31,6.2799,-0.0301,WARNING
2023-04-19,Zone_A,Sugarcane,Vegetative,Summer,29.59,44.3,7.39,7.3591,-0.0309,CRITICAL
2023-04-20,Zone_A,Rice,Harvesting,Summer,31.22,41.8,6.33,6.374,0.044,WARNING
2023-04-21,Zone_A,Sugarcane,Vegetative,Summer,32.18,40.3,6.98,6.9459,-0.0341,WARNING
2023-04-22,Zone_A,Rice,Vegetative,Summer,34.83,35.3,6.61,6.7106,0.1006,WARNING
2023-04-23,Zone_A,Wheat,Flowering,Summer,20.88,39.8,7.86,7.8323,-0.0277,CRITICAL
2023-04-24,Zone_A,Rice,Sowing,Summer,29.2,39.1,6.8,6.8643,0.0643,WARNING
2023-04-25,Zone_A,Wheat,Vegetative,Summer,17.31,36.6,6.17,6.1578,-0.0122,WARNING
2023-04-26,Zone_D,Rice,Vegetative,Summer,23.14,41.6,6.9,6.8504,-0.0496,WARNING
2023-04-27,Zone_A,Wheat,Sowing,Summer,31.96,44.7,6.8,6.7588,-0.0412,WARNING
2023-04-28,Zone_D,Wheat,Flowering,Summer,22.35,40.6,6.88,6.9141,0.0341,WARNING
2023-04-29,Zone_C,Sugarcane,Harvesting,Summer,26.82,42.1,7.8,7.8098,0.0098,CRITICAL
2023-04-30,Zone_B,Cotton,Harvesting,Summer,25.08,35.7,7.59,7.6132,0.0232,CRITICAL
2023-05-01,Zone_A,Cotton,Vegetative,Summer,27.92,39.2,7.44,7.452,0.012,CRITICAL
2023-05-02,Zone_B,Wheat,Flowering,Summer,34.46,36.2,6.15,6.2069,0.0569,WARNING
2023-05-03,Zone_A,Sugarcane,Harvesting,Summer,16.11,41.1,6.6,6.5724,-0.0276,WARNING
2023-05-04,Zone_D,Cotton,Harvesting,Summer,26.48,44.4,7.45,7.4629,0.0129,CRITICAL
2023-05-05,Zone_A,Cotton,Harvesting,Summer,32.26,41.6,7.16,7.1147,-0.0453,CRITICAL
2023-05-06,Zone_C,Sugarcane,Harvesting,Summer,24.63,35.8,6.92,6.9297,0.0097,WARNING
2023-05-07,Zone_B,Sugarcane,Harvesting,Summer,16.57,38.5,7.17,7.1363,-0.0337,CRITICAL
2023-05-08,Zone_B,Cotton,Vegetative,Summer,26.21,40.5,7.51,7.5,-0.01,CRITICAL
2023-05-09,Zone_C,Cotton,Harvesting,Summer,21.64,39.0,7.57,7.5874,0.0174,CRITICAL
2023-05-10,Zone_D,Rice,Vegetative,Summer,18.1,43.3,7.87,7.7413,-0.1287,CRITICAL
2023-05-11,Zone_D,Rice,Sowing,Summer,31.98,43.1,7.85,7.8256,-0.0244,CRITICAL
2023-05-12,Zone_C,Wheat,Sowing,Summer,25.43,41.1,7.61,7.5986,-0.0114,CRITICAL
2023-05-13,Zone_B,Cotton,Flowering,Summer,33.67,38.7,7.79,7.7262,-0.0638,CRITICAL
2023-05-14,Zone_A,Sugarcane,Vegetative,Summer,31.12,37.6,6.54,6.5314,-0.0086,WARNING
2023-05-15,Zone_D,Sugarcane,Flowering,Summer,28.86,36.1,7.08,7.0928,0.0128,CRITICAL
2023-05-16,Zone_A,Cotton,Sowing,Summer,15.1,38.5,5.81,5.8249,0.0149,WARNING
2023-05-17,Zone_B,Wheat,Sowing,Summer,23.56,39.1,7.61,7.5701,-0.0399,CRITICAL
2023-05-18,Zone_A,Sugarcane,Sowing,Summer,18.95,41.8,7.45,7.3481,-0.1019,CRITICAL
2023-05-19,Zone_C,Cotton,Sowing,Summer,33.22,41.6,7.18,7.1836,0.0036,CRITICAL
2023-05-20,Zone_D,Cotton,Harvesting,Summer,18.49,35.7,7.47,7.5343,0.0643,CRITICAL
2023-05-21,Zone_D,Wheat,Sowing,Summer,20.72,39.0,6.21,6.2041,-0.0059,WARNING
2023-05-22,Zone_C,Cotton,Harvesting,Summer,25.34,36.8,7.74,7.7169,-0.0231,CRITICAL
2023-05-23,Zone_C,Sugarcane,Harvesting,Summer,20.27,36.6,5.69,5.7164,0.0264,WARNING
2023-05-24,Zone_D,Rice,Flowering,Summer,19.2,43.3,6.52,6.4879,-0.0321,WARNING
2023-05-25,Zone_D,Wheat,Harvesting,Summer,26.98,35.4,6.7,6.6694,-0.0306,WARNING
2023-05-26,Zone_D,Cotton,Flowering,Summer,16.78,39.2,6.93,6.84,-0.09,WARNING
2023-05-27,Zone_B,Wheat,Harvesting,Summer,16.16,36.7,6.23,6.3358,0.1058,WARNING
2023-05-28,Zone_B,Cotton,Harvesting,Summer,22.44,43.8,7.38,7.3716,-0.0084,CRITICAL
2023-05-29,Zone_B,Rice,Sowing,Summer,29.41,40.6,6.88,6.847,-0.033,WARNING
2023-05-30,Zone_A,Wheat,Vegetative,Summer,26.1,37.3,7.74,7.5849,-0.1551,CRITICAL
2023-05-31,Zone_B,Cotton,Harvesting,Summer,23.46,40.0,7.91,7.8743,-0.0357,CRITICAL
2023-06-01,Zone_D,Rice,Vegetative,Monsoon,57.42,31.3,5.99,6.039,0.049,WARNING
2023-06-02,Zone_B,Sugarcane,Vegetative,Monsoon,66.62,28.6,6.22,6.1604,-0.0596,WARNING
2023-06-03,Zone_D,Cotton,Vegetative,Monsoon,73.01,35.0,6.36,6.1439,-0.2161,WARNING
2023-06-04,Zone_C,Rice,Harvesting,Monsoon,70.41,29.8,6.93,7.3671,0.4371,CRITICAL
2023-06-05,Zone_A,Rice,Vegetative,Monsoon,75.84,29.9,6.15,6.2383,0.0883,WARNING
2023-06-06,Zone_A,Wheat,Harvesting,Monsoon,56.66,30.7,8.34,8.2758,-0.0642,CRITICAL
2023-06-07,Zone_C,Cotton,Sowing,Monsoon,63.54,34.2,7.7,7.6568,-0.0432,CRITICAL
2023-06-08,Zone_D,Sugarcane,Harvesting,Monsoon,79.58,33.0,6.61,6.6058,-0.0042,WARNING
2023-06-09,Zone_A,Cotton,Flowering,Monsoon,57.4,29.5,5.07,5.1749,0.1049,WARNING
2023-06-10,Zone_B,Rice,Sowing,Monsoon,80.66,32.2,7.89,7.8718,-0.0182,CRITICAL
2023-06-11,Zone_D,Sugarcane,Vegetative,Monsoon,57.76,30.9,6.46,6.5214,0.0614,WARNING
2023-06-12,Zone_A,Rice,Vegetative,Monsoon,80.03,29.9,5.12,5.3902,0.2702,WARNING
2023-06-13,Zone_C,Wheat,Flowering,Monsoon,65.82,26.9,7.3,7.1888,-0.1112,CRITICAL
2023-06-14,Zone_D,Cotton,Sowing,Monsoon,73.37,29.6,6.35,6.3816,0.0316,WARNING
2023-06-15,Zone_A,Rice,Flowering,Monsoon,59.59,27.5,5.04,5.07,0.03,WARNING
2023-06-16,Zone_C,Rice,Vegetative,Monsoon,56.99,34.1,6.31,6.3063,-0.0037,WARNING
2023-06-17,Zone_D,Cotton,Harvesting,Monsoon,61.48,28.4,7.91,7.8883,-0.0217,CRITICAL
2023-06-18,Zone_B,Sugarcane,Vegetative,Monsoon,58.84,34.5,7.54,7.455,-0.085,CRITICAL
2023-06-19,Zone_D,Rice,Flowering,Monsoon,64.37,30.3,5.82,5.9336,0.1136,WARNING
2023-06-20,Zone_B,Cotton,Harvesting,Monsoon,70.43,31.3,6.82,6.8191,-0.0009,WARNING
2023-06-21,Zone_D,Wheat,Harvesting,Monsoon,72.66,30.4,8.35,8.3243,-0.0257,CRITICAL
2023-06-22,Zone_C,Wheat,Vegetative,Monsoon,78.7,26.3,5.91,5.8068,-0.1032,WARNING
2023-06-23,Zone_B,Cotton,Harvesting,Monsoon,74.69,28.8,7.62,7.5647,-0.0553,CRITICAL
2023-06-24,Zone_B,Rice,Sowing,Monsoon,73.26,26.0,5.59,5.5873,-0.0027,WARNING
2023-06-25,Zone_D,Cotton,Vegetative,Monsoon,67.35,31.2,8.0,7.9605,-0.0395,CRITICAL
2023-06-26,Zone_A,Cotton,Vegetative,Monsoon,69.21,29.5,5.54,5.5413,0.0013,WARNING
2023-06-27,Zone_B,Rice,Sowing,Monsoon,67.44,32.8,6.78,6.7814,0.0014,WARNING
2023-06-28,Zone_D,Sugarcane,Vegetative,Monsoon,80.26,27.2,6.32,6.4295,0.1095,WARNING
2023-06-29,Zone_C,Sugarcane,Flowering,Monsoon,61.9,26.6,7.26,7.2295,-0.0305,CRITICAL
2023-06-30,Zone_D,Wheat,Flowering,Monsoon,55.17,29.1,7.14,7.1268,-0.0132,CRITICAL
2023-07-01,Zone_D,Sugarcane,Vegetative,Monsoon,74.54,34.3,5.44,5.4564,0.0164,WARNING
2023-07-02,Zone_B,Cotton,Sowing,Monsoon,61.07,32.1,5.77,5.7987,0.0287,WARNING
2023-07-03,Zone_A,Rice,Harvesting,Monsoon,81.7,29.2,7.22,7.2365,0.0165,CRITICAL
2023-07-04,Zone_C,Wheat,Sowing,Monsoon,80.77,30.2,6.96,6.9965,0.0365,WARNING
2023-07-05,Zone_B,Sugarcane,Flowering,Monsoon,57.3,25.8,5.79,5.7928,0.0028,WARNING
2023-07-06,Zone_B,Cotton,Vegetative,Monsoon,58.19,34.8,6.18,6.0521,-0.1279,WARNING
2023-07-07,Zone_B,Wheat,Sowing,Monsoon,69.86,31.7,6.0,6.3627,0.3627,WARNING
2023-07-08,Zone_C,Rice,Harvesting,Monsoon,73.28,27.9,6.52,6.4986,-0.0214,WARNING
2023-07-09,Zone_A,Sugarcane,Harvesting,Monsoon,63.25,30.9,6.97,7.0027,0.0327,CRITICAL
2023-07-10,Zone_C,Cotton,Harvesting,Monsoon,76.5,26.1,4.79,4.8572,0.0672,WARNING
2023-07-11,Zone_C,Rice,Harvesting,Monsoon,72.85,34.7,8.68,8.5243,-0.1557,CRITICAL
2023-07-12,Zone_A,Cotton,Sowing,Monsoon,64.74,26.7,6.14,6.1116,-0.0284,WARNING
2023-07-13,Zone_C,Cotton,Harvesting,Monsoon,55.76,31.5,6.98,6.933,-0.047,WARNING
2023-07-14,Zone_D,Cotton,Flowering,Monsoon,77.5,27.5,5.2,5.1098,-0.0902,WARNING
2023-07-15,Zone_C,Rice,Harvesting,Monsoon,61.44,32.2,8.36,8.2552,-0.1048,CRITICAL
2023-07-16,Zone_B,Wheat,Flowering,Monsoon,80.03,32.8,6.65,6.6545,0.0045,WARNING
2023-07-17,Zone_C,Cotton,Sowing,Monsoon,67.61,31.7,6.55,6.525,-0.025,WARNING
2023-07-18,Zone_B,Wheat,Flowering,Monsoon,72.31,31.1,6.06,6.052,-0.008,WARNING
2023-07-19,Zone_C,Wheat,Sowing,Monsoon,81.19,33.9,7.87,7.8053,-0.0647,CRITICAL
2023-07-20,Zone_B,Sugarcane,Harvesting,Monsoon,80.91,25.8,6.0,6.1369,0.1369,WARNING
2023-07-21,Zone_B,Sugarcane,Vegetative,Monsoon,66.15,28.3,6.72,6.7087,-0.0113,WARNING
2023-07-22,Zone_B,Wheat,Flowering,Monsoon,61.27,27.5,6.12,6.2042,0.0842,WARNING
2023-07-23,Zone_A,Sugarcane,Flowering,Monsoon,78.25,34.9,7.16,7.0652,-0.0948,CRITICAL
2023-07-24,Zone_C,Sugarcane,Vegetative,Monsoon,67.99,28.9,5.35,5.3088,-0.0412,WARNING
2023-07-25,Zone_C,Wheat,Sowing,Monsoon,60.76,32.3,5.95,6.0184,0.0684,WARNING
2023-07-26,Zone_D,Rice,Sowing,Monsoon,82.13,31.8,7.56,7.6564,0.0964,CRITICAL
2023-07-27,Zone_D,Sugarcane,Harvesting,Monsoon,60.94,27.1,4.87,4.8787,0.0087,WARNING
2023-07-28,Zone_D,Sugarcane,Flowering,Monsoon,55.77,27.4,6.24,6.2535,0.0135,WARNING
2023-07-29,Zone_C,Rice,Sowing,Monsoon,55.61,27.8,7.85,7.8123,-0.0377,CRITICAL
2023-07-30,Zone_A,Rice,Harvesting,Monsoon,73.67,29.1,7.32,7.3548,0.0348,CRITICAL
2023-07-31,Zone_B,Rice,Sowing,Monsoon,74.85,27.3,6.23,6.4608,0.2308,WARNING
2023-08-01,Zone_C,Wheat,Vegetative,Monsoon,64.33,25.2,4.68,4.923,0.243,WARNING
2023-08-02,Zone_A,Rice,Vegetative,Monsoon,64.6,33.8,6.84,6.7991,-0.0409,WARNING
2023-08-03,Zone_A,Wheat,Vegetative,Monsoon,65.18,34.7,6.16,6.1095,-0.0505,WARNING
2023-08-04,Zone_C,Cotton,Harvesting,Monsoon,75.4,28.4,6.02,6.0748,0.0548,WARNING
2023-08-05,Zone_B,Cotton,Flowering,Monsoon,56.74,28.4,6.97,6.9798,0.0098,WARNING
2023-08-06,Zone_A,Rice,Vegetative,Monsoon,82.87,25.1,7.5,7.1896,-0.3104,CRITICAL
2023-08-07,Zone_C,Rice,Vegetative,Monsoon,61.68,31.8,6.75,6.8708,0.1208,WARNING
2023-08-08,Zone_B,Cotton,Sowing,Monsoon,84.99,33.3,7.58,7.4705,-0.1095,CRITICAL
2023-08-09,Zone_D,Wheat,Vegetative,Monsoon,60.15,26.5,7.13,7.1339,0.0039,CRITICAL
2023-08-10,Zone_A,Wheat,Flowering,Monsoon,78.15,26.6,7.08,7.0994,0.0194,CRITICAL
2023-08-11,Zone_A,Rice,Harvesting,Monsoon,61.7,32.9,6.66,6.6783,0.0183,WARNING
2023-08-12,Zone_C,Rice,Vegetative,Monsoon,57.43,31.2,6.62,6.5825,-0.0375,WARNING
2023-08-13,Zone_C,Rice,Harvesting,Monsoon,81.25,25.4,3.95,4.0112,0.0612,WARNING
2023-08-14,Zone_B,Cotton,Harvesting,Monsoon,80.76,31.2,5.66,5.6843,0.0243,WARNING
2023-08-15,Zone_D,Sugarcane,Flowering,Monsoon,67.11,28.1,5.79,5.7265,-0.0635,WARNING
2023-08-16,Zone_D,Rice,Sowing,Monsoon,76.07,28.7,6.4,6.409,0.009,WARNING
2023-08-17,Zone_C,Wheat,Sowing,Monsoon,71.71,32.7,6.23,6.181,-0.049,WARNING
2023-08-18,Zone_C,Sugarcane,Harvesting,Monsoon,80.59,33.1,5.57,5.915,0.345,WARNING
2023-08-19,Zone_B,Wheat,Vegetative,Monsoon,64.45,29.0,7.5,7.4768,-0.0232,CRITICAL
2023-08-20,Zone_C,Sugarcane,Harvesting,Monsoon,70.71,34.5,7.29,7.2085,-0.0815,CRITICAL
2023-08-21,Zone_B,Cotton,Sowing,Monsoon,69.56,29.1,4.93,5.0012,0.0712,WARNING
2023-08-22,Zone_B,Sugarcane,Vegetative,Monsoon,65.62,32.7,6.91,6.8284,-0.0816,WARNING
2023-08-23,Zone_D,Wheat,Sowing,Monsoon,81.74,29.8,6.58,6.5938,0.0138,WARNING
2023-08-24,Zone_B,Sugarcane,Flowering,Monsoon,59.98,34.0,7.11,7.0365,-0.0735,CRITICAL
2023-08-25,Zone_D,Cotton,Sowing,Monsoon,59.49,34.1,7.38,7.4033,0.0233,CRITICAL
2023-08-26,Zone_D,Wheat,Vegetative,Monsoon,72.31,25.9,6.73,6.7737,0.0437,WARNING
2023-08-27,Zone_D,Rice,Vegetative,Monsoon,74.72,34.4,7.21,7.171,-0.039,CRITICAL
2023-08-28,Zone_C,Sugarcane,Harvesting,Monsoon,60.84,33.3,8.12,8.0527,-0.0673,CRITICAL
2023-08-29,Zone_D,Wheat,Vegetative,Monsoon,66.72,32.9,8.39,8.3537,-0.0363,CRITICAL
2023-08-30,Zone_B,Sugarcane,Flowering,Monsoon,83.4,27.0,5.02,5.0134,-0.0066,WARNING
2023-08-31,Zone_C,Cotton,Sowing,Monsoon,62.4,33.1,7.93,7.9044,-0.0256,CRITICAL
2023-09-01,Zone_B,Wheat,Harvesting,Post-Monsoon,75.05,33.5,6.95,6.953,0.003,WARNING
2023-09-02,Zone_C,Rice,Harvesting,Post-Monsoon,77.2,27.9,6.88,6.8732,-0.0068,WARNING
2023-09-03,Zone_B,Rice,Vegetative,Post-Monsoon,68.44,34.5,5.9,5.8436,-0.0564,WARNING
2023-09-04,Zone_A,Sugarcane,Flowering,Post-Monsoon,83.13,25.5,6.44,6.4284,-0.0116,WARNING
2023-09-05,Zone_A,Cotton,Harvesting,Post-Monsoon,77.1,26.5,5.88,6.1657,0.2857,WARNING
2023-09-06,Zone_A,Cotton,Flowering,Post-Monsoon,68.74,30.4,5.15,5.1637,0.0137,WARNING
2023-09-07,Zone_B,Sugarcane,Flowering,Post-Monsoon,72.08,30.8,6.19,6.1359,-0.0541,WARNING
2023-09-08,Zone_C,Wheat,Sowing,Post-Monsoon,75.78,31.5,7.88,7.8719,-0.0081,CRITICAL
2023-09-09,Zone_D,Wheat,Sowing,Post-Monsoon,72.77,25.2,4.93,4.9416,0.0116,WARNING
2023-09-10,Zone_D,Sugarcane,Sowing,Post-Monsoon,81.36,34.6,6.59,6.5468,-0.0432,WARNING
2023-09-11,Zone_B,Wheat,Flowering,Post-Monsoon,65.71,25.4,5.53,5.7267,0.1967,WARNING
2023-09-12,Zone_B,Wheat,Sowing,Post-Monsoon,64.0,26.4,6.86,6.9847,0.1247,WARNING
2023-09-13,Zone_B,Wheat,Harvesting,Post-Monsoon,61.42,25.1,7.61,7.2511,-0.3589,CRITICAL
2023-09-14,Zone_B,Sugarcane,Harvesting,Post-Monsoon,56.13,30.7,6.01,6.0832,0.0732,WARNING
2023-09-15,Zone_D,Rice,Vegetative,Post-Monsoon,56.29,34.3,6.97,6.9259,-0.0441,WARNING
2023-09-16,Zone_C,Cotton,Flowering,Post-Monsoon,81.1,31.7,7.25,7.2421,-0.0079,CRITICAL
2023-09-17,Zone_D,Rice,Sowing,Post-Monsoon,75.35,33.2,6.74,6.6705,-0.0695,WARNING
2023-09-18,Zone_B,Wheat,Harvesting,Post-Monsoon,74.82,25.1,4.33,4.5245,0.1945,WARNING
2023-09-19,Zone_A,Sugarcane,Flowering,Post-Monsoon,73.44,30.4,7.86,7.8224,-0.0376,CRITICAL
2023-09-20,Zone_D,Cotton,Flowering,Post-Monsoon,80.48,29.6,6.47,6.5043,0.0343,WARNING
2023-09-21,Zone_A,Wheat,Sowing,Post-Monsoon,69.41,30.0,8.08,8.02,-0.06,CRITICAL
2023-09-22,Zone_A,Cotton,Flowering,Post-Monsoon,81.11,25.7,4.64,4.6826,0.0426,WARNING
2023-09-23,Zone_B,Cotton,Sowing,Post-Monsoon,65.78,31.8,6.2,6.0434,-0.1566,WARNING
2023-09-24,Zone_D,Rice,Sowing,Post-Monsoon,82.8,30.0,5.09,5.1382,0.0482,WARNING
2023-09-25,Zone_C,Wheat,Sowing,Post-Monsoon,75.96,32.7,7.47,7.526,0.056,CRITICAL
2023-09-26,Zone_D,Cotton,Flowering,Post-Monsoon,62.72,29.9,7.98,8.0204,0.0404,CRITICAL
2023-09-27,Zone_C,Rice,Flowering,Post-Monsoon,71.92,26.5,6.68,6.6676,-0.0124,WARNING
